# limites municipales de Chihuahua, OpenStreetMap (admin_level 6)
# G: simplificado a 0.004 grados, para dibujar; F: a 0.0004 grados, para ubicar la traza
# cada anillo: enteros en cienmilesimas de grado; los dos primeros absolutos (lon,lat), luego diferencias
G	Ahumada	-10556966,3034487,-552,2401,-3200,2430,912,2410,-642,1763,1107,3586,-311,2648,-2030,781,-6910,10,108,13680,-4349,1473,1840,11377,-5335,2373,-334,1738,-5306,3498,-5712,12,-517,-429,99,-2276,-17263,13,-74,7659,2548,40,-116,828,-4500,-606,-1654,3028,38,5588,-4126,7,-81,-2880,-6042,-345,-65,4574,1600,177,-1532,462,874,328,-863,328,11,722,-7933,1867,-1019,2540,799,2462,-2356,334,-639,6037,-6202,3590,-706,-3244,-2284,434,606,2855,-11665,-27,593,-3478,-11320,-56,-4434,2230,-2737,-933,-5920,-468,-18,-2235,-3118,-1283,-4433,-514,-3937,2596,-3416,616,-4,-6671,-15006,74,-23,-2702,476,-429,-625,-10070,-2705,116,149,-2185,-750,-2131,-1374,-680,-743,-2242,1494,-1090,-1338,-821,6257,-152,736,-5666,-3129,8,828,-696,415,-3141,-1221,-1089,286,-2168,-760,-1073,-2087,-1074,-6023,-101,7665,-7920,-2562,-1587,237,-2735,-1505,869,-2425,-4265,7258,234,-13886,-15726,8543,-6120,-5204,-6049,4348,-311,2735,3351,1852,-1249,3191,3765,2689,-1131,2505,-2062,1506,1230,1135,16,1768,-2100,2695,-1364,-174,-1896,4859,-350,-587,-1203,13591,-3543,-1399,-5670,-1559,-316,200,-4060,-2444,-226,292,-2166,2992,538,-2645,-6446,329,-1904,1563,-1285,1825,-3041,130,-2954,-739,-716,1388,-893,828,-2180,5204,-1766,3873,-337,-987,-2987,1196,-3587,2597,-3238,-1410,-1244,-1869,429,45,-6829,5594,-789,-34,4866,8178,-317,-433,-2220,942,-518,-1334,-1394,922,57,610,-1470,1229,-921,722,22,-107,946,-1851,1937,4035,2273,-890,864,631,425,9177,-3,964,-2690,9912,-13,-2032,2941,-1836,837,1356,1898,1569,-500,186,985,2991,1069,14143,-4108,17445,1389,-1542,-4029,-173,-3315,3621,-1800,85,3472,1169,624,903,213,654,-1331,887,-224,4586,730,910,4628,-6159,3015,7384,568,-404,9858,4180,22,-463,14636,-12838,117,-439,2037,826,1415,6902,6172,4455,2038,1783,1770,2062,205,2360,1283,1591,1165,-328,478,2171,2389,6165,-3089,15,5068,-5554,30,693,2206,-1826,2053,3846,2153,16,843,2852,5,24,1937,6115,-642,-599,2020
G	Aldama	-10590525,2870055,484,2721,-6322,375,-12525,6644,392,1941,-1943,3560,694,400,-1381,3082,-1363,1544,136,1846,-4335,889,-4124,8430,1144,19,-1106,1237,3513,-914,-1366,2176,-5,1484,-1833,-5,43,1344,-1113,0,-35,4452,-738,8,-19,1872,9933,-22,35,2120,617,526,4868,-1478,1780,966,1375,-79,-740,2978,1783,2293,-1659,1150,550,6100,-856,4004,-1094,1059,673,2102,-1084,395,-577,1537,548,4327,7235,-25,-1,14776,6026,11247,6286,-1690,-587,-2203,1370,-1912,151,2424,798,1211,16951,-283,-214,-5515,4842,-20,-63,-8674,19101,-215,-714,-1191,-1689,-196,-1350,-2500,227,-3047,2380,-2351,3615,1210,2306,-677,2919,473,1611,-1929,-1497,-2419,3795,-1521,644,250,-311,-822,1452,-1810,1166,363,9489,-10128,6141,-3491,5533,57,1703,748,1134,-2481,1189,-379,-2172,-3915,344,-1841,-1363,-443,48,-773,-1324,-1027,-1767,-234,343,-1506,-2811,-3741,7064,-7140,35,1318,2363,481,5331,-1293,2946,81,3868,2322,1942,-3317,5683,2087,10993,-14243,6796,-7586,-7664,-1951,-2249,1388,-1463,65,-818,2365,-4307,-813,-1557,639,-3528,-1478,710,3987,-16668,-3997,-5612,4789,-4889,-7684,-2142,4780,-5779,-3119,-1263,2173,-776,-246,-3299,2220,-1670,-1317,-209,-1294,-1712,-2011,-3627,-2244,-252,-1055,-1623,-946,75,-855,-2614,-52,-1729,-1278,-1236,-46,560,-3848,-7973,-4039,-569,1260,282,-1834,-1718,-2741,301,-1500,-2494,-1193,-3340,1116,-3384,2426,-931,1518,14,-4769,-1975,-11,1501,723,-531,770,-977,-769,-13,1089,-4554,900,-3,-923,-1023,-7,18,-2224,-515,86,-3,632,-931,494,341,1612,-858,872,-958,8445,-5318,-4,-4688,995,-214,-496,-5172,-852,273,1178,-2476,440,-1078,1041
G	Allende	-10542169,2738546,1300,369,2960,-1397,3321,-338,2503,-1201,1479,127,2591,2072,775,1552,-535,3052,1245,357,1108,-1563,1994,1123,-1647,-2316,913,-1068,1796,1125,6169,-5443,750,1409,-375,3452,7294,-2723,-383,-843,6104,-8412,-1672,-850,-359,-1260,2086,-1758,-1089,-2627,727,-848,-1404,-38,-18329,-8859,-2492,-2976,-1100,-3491,968,-2984,1001,-172,2545,-5018,572,-2465,1023,-421,1667,-2264,633,-3351,572,-564,1195,124,867,-1477,-2393,-2887,1436,-1277,-1173,-1323,-4933,4508,250,-3647,559,290,331,-1007,-1953,-6288,1848,-576,-983,-5784,1110,-4770,-9582,1296,-63,1778,-973,-781,-64,3303,4239,1228,1552,2083,825,2870,-2083,3048,-1718,120,-106,-1022,-650,-326,-802,787,-2212,-689,-49,848,-1158,1011,1987,987,-1833,3337,-1021,563,-1161,-712,-5397,2163,-3748,-72,-356,484,1398,792,-9362,4611,-1525,-697,1381,2880,1126,818,83,1224,1753,1210,-576,774,58,1916,1113,2096,-1895,3720,-1990,-830,85,-527,-2132,-384,-203,3378,-860,951,2263,2805,-295,1934,804,1242,4998,354,22,2554,3913,-1386,-661,1270,621,2106,3768,-1051,-358,416,1401,1033,92,1890,912,1597,-1619,2858,185,1433,-2357,2711,518,1175,-732,1803,1079,770,-489,363,440,762	-10542711,2734695,-115,1173,-1178,279,1389,1154,446,1245
G	Aquiles Serdán	-10590525,2870055,-1204,-4113,-1717,336,606,1973,-2236,-3409,-1225,-302,652,-1498,-242,-1284,1221,-216,983,-2990,-517,251,128,-770,-2169,496,-1860,-3484,2829,581,1862,-3300,3668,-1839,441,648,1467,-637,1526,1158,940,-1321,2143,638,833,-325,2627,1646,-3633,-5087,2499,-896,7419,-252,-344,867,2582,536,2473,2058,-6270,6193,5600,-15,-3,632,-931,494,341,1612,-858,872,-958,8445,-5318,-4,-4688,995,-214,-496,-5172,-852,273,1178,-2476,440,-1078,1041
G	Ascensión	-10686721,3178379,406,-2819,497,-932,1240,-489,1498,-6175,-4666,-5723,4268,-482,3462,-1238,5115,-180,-77,-9924,824,-86,-850,-737,1022,-1668,3117,-1262,-1264,-1194,3246,-2266,-5287,-2398,-6,-772,-10670,90,161,-2945,-10478,-3589,2913,-9898,4032,-281,1891,-4812,2734,-3429,1596,-973,-672,-1867,-3397,2262,-3416,616,-4,-6671,-15006,74,-23,-2702,476,-429,-625,-10070,-2705,116,149,-2185,-750,-2131,-1190,-452,-914,-2112,1481,-1448,-1338,-821,-5783,123,-3218,-6393,-1579,705,-3341,-293,-808,-2076,-1478,-1467,-148,-1357,-3737,2281,109,1112,-1088,1096,-3,1106,-1386,1147,-2720,-643,42,1908,-1171,-31,-3711,-7755,-12603,-1,-69,2458,-8972,-6333,-1885,154,570,4330,-4939,1551,-1873,2608,-688,-20,873,1975,-3939,244,-3150,-1387,-3546,4507,-12735,-5414,806,873,875,3086,-7147,-3318,-1568,4525,2726,1100,-1043,1102,349,1385,-1203,1716,-345,1829,-1531,835,-433,10184,-3164,-104,4,881,-6648,76,-780,4356,2242,1590,-5886,6463,-1599,2249,-150,1921,-3459,2,11,57106,56816,-3
G	Bachíniva	-10744801,2879162,2973,-2581,2859,-253,1487,-1761,-389,-1607,1747,-1416,2541,-342,1403,822,1050,-760,-1384,-3679,1428,-63,84,553,2638,-1151,1478,-1889,-1186,-416,1243,-131,1037,-1972,3629,916,221,3657,1499,672,877,1924,35,773,-1046,318,2698,3556,1213,-328,472,1698,-1635,2603,-884,24,-505,784,499,1452,5669,217,207,751,1410,8,691,1376,-737,4380,-1997,1186,-995,1814,-3623,1300,-806,1802,-741,82,-8,1414,-591,142,299,2096,-1579,2626,-1494,1368,-2816,699,-1551,2891,1164,2396	-10726217,2907113,-6018,951,-1008,-2414,-2402,374,-54,-988,2081,-2636,27,-774,-1009,-186,591,-117,-417,-1859,-4665,502,-722,717,-3282,-802,-395,-2359,-2265,-50,24,-2801,2913,17,813,-3212,-2856,-232,865,-2645,-163,-451,-596,545,75,-461,2238,-5152,-1656,-1018,900,-1012,23,-1124,-1130,-75,-496,-689
G	Balleza	-10626957,2652717,1361,-8688,-951,-1651,114,-1779,-865,-266,-2298,-3876,2085,267,-1189,-3249,-2096,997,-9201,-15390,-7399,7005,-2356,5344,-3689,2059,-753,2675,-3876,2313,-1945,-368,-306,902,-873,-393,-1849,1058,-1113,-558,-1812,1407,-1090,-520,-670,1045,-3886,1979,-1717,2321,-1127,-192,-142,1346,-1944,1790,-2382,29,-4295,6571,-669,-91,63,623,-1314,-312,263,753,-2558,1864,-1224,-284,-880,1119,-1698,437,594,1700,869,537,-688,3089,752,-272,608,909,1839,622,811,1303,1120,-661,1473,602,486,1715,795,-248,497,1126,-1132,3341,-1384,752,-780,2013,747,4243,855,1473,-218,2105,975,1230,-6831,7548,685,289,456,1557,-984,2185,-995,752,751,1545,1407,190,470,706,-1587,2723,3350,1019,-807,630,193,2536,-2298,2519,-2905,453,629,364,-145,1247,2737,226,1039,832,157,3830,1913,1563,718,-85,-587,1134,374,1158,-2679,501,-94,457,1890,477,19466,-2920,3903,2058,3438,-1073,-2425,-718,-172,-753,738,-685,885,-228,3323,1464,2391,-450,-28,-627,2044,183,-1362,-3691,1900,573,-1486,-3367,502,-1201,3156,-605,-28,-679,872,-128,895,710,653,-743,1171,757,484,-428,825,1331,2279,-573,1836,-521,828,-1411,1189,372,842,-2004,3690,151,989,699,655,-755,-270,-1818,-1207,-128,-535,-1421,1355,-1553,-179,-1196,672,454,-63,-846,717,-462,203,506,2088,-342,1021,-1467,510,98,111,-1808,3309,-3373,-890,-803,1352,-695,-436,-1072,3404,-1004,2578,703,183,-2131,3730,-632,-1085,-1072,1461,-1573,48,-1118,144,503,545,-452,1256,317,1853,1520,3010,-4966	-10607824,2679846,-2241,-3918,-2465,2004,-3244,-844,-1934,210,-266,-999,935,-1294,-825,-560,219,-1678,3919,-929,664,-1767,-1709,856,-1245,-700,-1189,307,-1737,-1015,129,-2078,-850,937,-166,-761,-953,201,172,-954,-1370,-1207,-687,-4035,-455,-667,-542,225,-15,-2345,661,-1273,-291,-1687,-641,350,-171,-1785,-3871,-1283,1035,-440
G	Batopilas	-10800665,2670558,-232,1802,-1011,710,1346,3029,-857,1221,-2351,-338,1089,2861,-1002,1165,6300,1603,3226,1584,224,10189,1342,141,-1123,3023,615,1416,1873,170,436,835,739,-417,500,391,857,-883,1125,878,948,-91,18,925,815,639,-847,322,560,1156,-1087,870,312,904,7198,666,841,4593,-1426,3757,1124,-477,2157,344,2463,-1194,1828,1545,438,2412,-449,1502,816,1498,-568,4598,896,1275,3921,-3931,5330,5515,7060,-12102,2439,-236,173,-774,1859,-515,468,-1287,1724,532,296,-664,561,878,557,-1031,958,466,2035,-891,541,-1931,2616,-2857,-2395,98,8781,-11221,-12667,-6932,-6428,-1801,-431,-1325,-1817,-866,534,-1303,-652,-1422,311,-1141,-1221,-1068,147,-1570,-1769,-3485,-2660,799,-247,1526,-626,227,-2981,-602,-1993,1381,-991,-1323,309,785,-1207,548,-138,1062,-624,199,-663,-1060,-907,1552,-1424,-864,-1086,1486,-1688,-429,489,1642,-3538,-995,-204,972,-1653,180,-828,-2376,716,-639,-152,-1657,2459,-3108,-338,-1585,-1794,-70,513,-2630,-594,-2523,-1345,-1662,-4778,-94,-1763,-3649,525,-2355,-1655,-303,-5076,4949,2223,4719,5653,2893,-1277,3571,271,1697,1098,1041,-177,965,-1874,-2049,-1914,63,-1276,-1200,-2985,2130,-789,-937,-1821,701,-510,-1023,-1685,-285,2196,-1567,-1794,-258,1365,-2294,-231,-1926,-1332,821,-1263,-206
G	Bocoyna	-10725911,2761435,-140,2049,962,718,45,1688,-1295,372,-137,1817,-851,409,977,1497,2680,352,-3609,1867,2999,3145,1821,76,-1726,2089,-722,34,350,1875,-2114,3066,1241,2708,-799,675,-1369,-47,-2229,3891,3864,594,-3326,1474,-798,1268,-1155,-112,488,-2009,-1287,975,-1290,98,-501,-649,-2307,3027,-3428,-300,125,1020,-1129,-32,-1663,1290,-2244,-447,1861,1358,-941,1458,-2115,1224,-262,1098,898,891,-890,1424,-1807,-1581,-3637,1290,-2026,-217,507,1632,-639,1219,-1775,-113,-97,947,-2473,1229,-3671,176,-1898,2069,-2366,413,-1456,-961,53,-1294,-1373,-984,-4624,675,-1402,861,-1912,-632,-1453,-1201,-366,-2828,-3480,279,-1266,-1357,3144,-6608,-3788,-2634,-599,204,732,-3618,-710,-1839,234,-1076,-1107,-2178,1938,-8274,-2338,-2182,134,-2200,-629,103,-524,-1457,-654,-2089,309,-863,-1134,283,-1549,-1161,578,-3030,-478,-966,-1255,297,-394,1144,-1181,544,-1060,-687,-595,-1456,-825,1024,-2560,271,474,-1379,1846,-824,548,-1489,3189,-1904,991,935,1116,-1254,1056,226,207,1561,1475,-37,760,1623,2031,787,748,-1757,764,-91,14,-1176,3899,-4134,-348,-895,1981,-2260,1540,429,464,2488,1460,1877,2414,2029,1755,597,950,1719,4031,2976,1442,2408,742,356,1084,-501,1002,1383,9163,-4094,12795,-11612,3898,8016,1478,-129,201,-954,221,1193,860,-636,26,701,580,-489,1002,686,887,-219,-27,1058,2258,-1309,511,990
G	Buenaventura	-10750794,3075849,-5,-7502,3148,40,-166,-1340,1437,-2433,2306,-161,328,-763,1014,-215,768,-2158,-782,-1750,1155,-1210,-1757,-1593,387,-577,1787,-254,-215,-6979,-7144,-127,3628,-3260,3006,-4185,1294,-7413,-5419,-863,1661,-6545,194,-30327,-20589,-216,4087,-3039,-880,-233,403,-849,1448,381,2054,-1330,222,-1887,996,-892,1729,-953,2032,417,3886,-3703,-2198,-5722,-1634,-1041,7431,2497,1264,-3482,-696,-1250,638,-1330,1342,-1230,460,-1498,1351,-66,-1171,-1205,1074,-1950,-1391,-2901,3048,1438,2449,173,-2198,-1083,936,-6486,-518,-122,-247,-1610,-1019,-387,-547,-1800,1161,-908,-845,-2735,4094,-24,-248,722,807,1755,1404,1341,692,-567,604,725,2228,353,2917,-720,3655,1530,5276,-1035,9972,2031,1552,-1536,-898,-394,399,-763,-1007,-258,49,-754,2289,525,1198,1167,1388,-404,3720,451,2136,-3222,5259,510,195,-845,1743,432,1759,-600,2695,784,504,1253,1906,1173,6708,-951,1030,-2286,1370,672,656,2788,3319,-652,2285,647,3058,2016,11813,-684,5356,305,-11173,9709,-10,2986,-5594,789,-45,6829,1869,-429,1410,1244,-2597,3238,-1196,3587,987,2987,-3873,337,-5204,1766,-828,2180,-1388,893,739,716,-130,2954,-1825,3041,-1563,1285,-329,1904,2645,6446,-2992,-538,-292,2166,2444,226,-200,4060,1559,316,1399,5670,-13591,3543,587,1203,-4859,350,174,1896,-2695,1364,-1768,2100,-1135,-16,-1506,-1230,-2505,2062,-2689,1131,-3191,-3765,-1852,1249,-2735,-3351,-4348,311,5204,6049,-8543,6120,13886,15726,-7258,-234,2425,4265,1505,-869,-237,2735,2562,1587,-7665,7920,6023,101,2200,1193,647,954,-286,2168,1221,1089,-415,3141,-828,696,3129,-8,-736,5666,-12040,275,-3218,-6393,-1579,705,-3341,-293,-808,-2076,-1478,-1467,-148,-1357,-3737,2281,109,1112,-1088,1096,-3,1106,-1386,1147,-2720,-643,42,1908,-1171,-31,-3711,-7755,-10843,9
G	Camargo	-10383088,2818153,6270,11884,531,-217,3454,5829,8532,15597,-493,2052,1938,5961,-1979,-994,-968,2571,-2207,-1940,-2565,1389,-1674,-4479,-11887,4574,-8410,-2636,-103,2770,-5027,219,-4507,-4837,-3629,4167,752,3465,-2662,4202,-4178,3075,-2575,-2966,-2728,2593,-223,-1675,-983,-72,-3836,2079,-1982,-5324,-1850,-594,1747,-1346,-4976,-5154,-3424,3386,-2111,-2173,-3914,2931,-3209,653,4870,5342,-2347,680,-2331,-245,40,751,-1988,718,-7,2877,-2744,-32,-73,2090,-3992,30,-1111,1312,-4359,-1344,-5717,-2672,-12,-3533,973,-49,2698,-5295,-3351,47,-130,-921,-3150,-1781,280,-1771,-7615,-1816,-86,-4058,4459,961,381,-1157,-1464,-294,1117,-765,-2153,-1504,127,-2600,-862,-2842,1038,33,-928,-2085,412,-2787,977,-1443,-925,-1439,-2473,-179,-73,-4288,-1432,14,-4237,-5624,-571,-2002,-1472,-351,-950,-1498,-3052,-546,-396,617,-3584,256,184,-2050,-689,428,-5739,-3525,-1145,1458,-1670,-1556,1290,-843,2872,-6325,2197,-1888,1448,-2957,3325,-1020,1888,-1687,1644,134,573,-647,186,-1085,-1037,-1464,-3135,-1116,979,-3956,2116,-994,-637,-588,1075,-168,609,-5412,1156,-751,2536,121,2359,-1460,-4010,-952,-2153,-1541,-2353,113,-1149,-562,-931,-613,607,-1642,-11330,-3024,-2212,-2615,-1380,407,-649,1185,1619,2319,-1547,1365,-2496,-336,-5402,-2546,-4711,-400,-3612,1815,-367,-1414,448,-413,-4579,-291,-631,688,-3299,-1779,-3132,-4378,4145,-1786,-3724,-1159,-13,-1046,1221,-1306,-131,-1726,951,-908,-1738,-576,583,-843,-451,-1058,4494,-5251,-798,-364,287,-814,4728,36,-2,-5389,-478,-704,-3621,-5,21,-1210,-2099,-2990,396,-868,-1492,-259,1360,-2183,1994,1123,-1647,-2316,913,-1068,1796,1125,6247,-5464,672,1430,-375,3452,5955,-2227,-527,702,4614,649,2683,-1320,1573,8,526,-1664,3910,947,67,3678,2705,2664,1001,154,387,940,5124,-272,93,1896,535,125,2393,-276,3914,-3564,2088,1639,-2302,3458,4445,1723,687,-837,1138,793,3669,-1746,658,849,5446,-2250,1857,-1466,4252,223,1963,718,1633,3540,5125,-3018,6896,5967,8550,4202,-555,1472,2012,1410,64,939,777,-2189,2037,34,760,-2443,3162,4,704,-661,3891,2837,7333,-1880,866,1954,27715,-444	-10385998,2757126,-886,3588,-1472,-637,-1370,5578,1402,104,-1229,1643,603,3920,-719,2734,1554,-137,-5450,5836,3481,2931,-4307,1,-1609,844,1422,2108,245,3245,-1164,6198,1933,-548,-623,-1754,4898,-1378,1517,4347,-4897,1387,3720,8902,2855,4864
G	Carichí	-10725911,2761435,-140,2049,962,718,45,1688,-1295,372,-137,1817,-851,409,977,1497,2680,352,-3609,1867,2999,3145,1821,76,-1726,2089,-722,34,350,1875,-2114,3066,1241,2708,-799,675,-1369,-47,-2229,3891,3925,489,-3387,1579,-798,1268,-1155,-112,488,-2009,-1287,975,-1290,98,-501,-649,-2307,3027,-3428,-300,125,1020,-1129,-32,-1663,1290,-2244,-447,1861,1358,-941,1458,-2115,1224,-262,1098,898,891,-632,1906,3766,-438,3964,-2591,4084,-658,-1070,1746,605,411,1450,-688,1975,726,1179,-833,558,680,2321,-839,945,904,-511,1815,2031,-401,1302,6267,3785,-504,225,724,652,-139,366,2601,733,-163,252,1815,2500,-465,422,1847,-1953,3143,3234,-115,-289,-1537,2376,-399,-223,-1560,-1863,-493,-394,-3252,914,22,40,-953,4417,1099,-2212,-2950,1183,-702,254,-1167,3627,2077,3464,-1157,225,2291,7270,-1048,2853,-2905,-460,-244,1666,-2514,-3300,-1647,1646,-2079,-5824,-3404,5177,-1041,124,-1279,-749,-1499,1549,-2487,4163,-3896,-336,-897,-2346,-510,-156,-841,-2955,53,1944,-5897,2220,380,1561,-1723,198,-1900,4750,263,-162,554,1722,292,183,-750,3327,291,2634,-1944,-352,-1884,2032,-809,3634,-4520,552,-1224,-906,-1900,883,-669,-2012,290,-3300,2989,-2330,-2092,-474,426,-686,-1072,-1279,107,-854,-4588,892,-911,-1136,-91,-359,-1229,-5663,3601,-1639,-2691,-287,-2249,-3334,-5433,-940,-1286,-3094,-1749,2550,-1856,-1474,-3387,-380,1807,-2660,-211,194,2868,793,883,-1655,2659,-907,4936,-430,113,-1016,-2798,-3137,-1108,-1446,1735,23,891,-1882,-9,-4953,4298,-1218,-128,274,3522,-448,632,1095,-167,-692,579,813,1144,-486,4,-24,831,-1028,-316,-118,781,-431,-564,-415,316,-228,-1208,-1359,513,382,-540,-848,-96,-112,-2517,-1514,2257,-517,-349,419,-466,-497,-1402,-64,870,-1794,-495,726,814,-285,443,-2186,-1666,-589,1072,-84,-843,-1153,256,-585,-860,38,811,-799,-390,-516,1420
G	Casas Grandes	-10861052,3004236,-739,4712,614,1297,-580,13353,11221,-5629,363,8441,2613,4018,3419,-205,539,4153,2991,-746,-160,1058,1138,-46,1325,-648,1635,1830,-575,1504,2606,1273,-269,1017,515,204,1001,-753,3768,388,4292,-1547,5197,-213,324,1207,-1702,1032,-463,1584,3766,3074,845,-10,-880,1395,-3066,270,-1700,1678,2092,833,92,896,1616,1790,214,1835,1454,794,464,-861,1057,-306,316,1012,-1443,2172,5767,3364,1739,-142,2237,982,200,2382,-3520,3414,-280,1453,5218,511,2135,-1633,-168,-1271,1701,798,331,-756,8282,777,2270,-6184,-564,-1051,573,-167,-398,-3648,580,-406,-1529,-6514,425,-981,-810,-427,343,-444,-1130,-786,379,-666,-1003,-917,363,-1438,-425,-557,824,-2150,-229,-2177,1011,-1463,-831,-2561,-1290,-850,562,-2442,-1217,-1263,-664,-3855,-2664,-468,-920,-1305,4834,-736,-1361,-12604,3216,-3194,-514,-1381,318,-918,718,263,-701,-2180,768,-654,-2173,734,-438,-568,-3640,503,-209,-960,-1152,-348,-159,-630,-1149,557,2028,-4152,590,-1952,-603,-205,602,-1025,-697,-677,931,-366,92,-1258,-1690,-207,451,-735,-540,-262,845,-697,-166,-846,-768,-193,597,-481,-179,-1594,-2385,-4015,482,-2342,-821,-1396,439,-993,-7493,-78,-1438,-2658,-1535,831,-9559,1,-25,24685,-8723,-15,0,-4499,-4182,0,-1007,1,1,4475,-14776,40,-5429,-8122,1023,-2588,-3121,-97,-3023,-1363
G	Municipio de Chihuahua	-10590525,2870055,484,2721,-6322,375,-12525,6644,392,1941,-1943,3560,694,400,-1381,3082,-1363,1544,136,1846,-4335,889,-4124,8430,1144,19,-1106,1237,3513,-914,-1366,2176,-5,1484,-1833,-5,43,1344,-1113,0,-35,4452,-738,8,-19,1872,9933,-22,35,2120,617,526,4868,-1478,1780,966,1375,-79,-740,2978,1783,2293,-1659,1150,550,6100,-856,4004,-1094,1059,673,2102,-1084,395,-577,1537,548,4327,7235,-25,-1,14776,6026,11247,-1696,1287,-100,1385,1815,5959,-17445,-1389,-14143,4108,-2991,-1069,-186,-985,-1569,500,-1356,-1898,1836,-837,2032,-2941,-9912,13,-964,2690,-9177,3,-631,-425,890,-864,-4035,-2273,1851,-1937,2,-998,-1846,951,-610,1470,-922,-57,1334,1394,-942,518,433,2220,-8178,317,44,-7852,11173,-9709,-2905,-1984,-4735,-870,115,-6846,-2823,-194,-371,-2743,513,-1877,-391,-1426,-920,-753,392,-1724,-831,-534,578,-1935,2451,-90,-1175,-3165,-378,-4858,4696,-484,-1691,-11062,-2742,-3136,-1453,-685,-2313,-3955,886,-2942,1554,-416,291,-1172,-1034,341,988,-17931,-328,-7933,1915,-2563,10972,1781,896,-778,758,-2455,2841,-484,-248,-590,1571,-889,-183,-1053,-1014,464,-1407,-510,838,-1670,1619,-1208,1110,-2742,1620,-886,3399,-4116,899,138,2374,-1493,2424,-3248,-3041,-1024,-827,-2056,452,-1395,1332,296,770,-602,-813,-1367,2013,-2283,-1116,-1700,712,-2804,1478,-1486,1825,-208,2001,1044,1500,-845,1405,-2221,-2961,-2454,1671,-261,2764,-2659,-669,-432,-628,-5711,-747,-1314,858,-4417,-1158,38,-1318,-1221,199,938,-797,1136,376,467,-1647,-353,809,-836,-900,-4726,274,-1459,-4339,-1825,165,-651	-10590525,2870055,-1204,-4113,-1717,336,606,1973,-2236,-3409,-1225,-302,652,-1498,-242,-1284,1221,-216,983,-2990,-517,251,128,-770,-2169,496,-1860,-3484,2829,581,1862,-3300,3668,-1839,441,648,1467,-637,1526,1158,940,-1321,2143,638,833,-325,2627,1646,-3633,-5087,5851,-1289,4067,141,2446,-4846,757,-7013,-2395,365,-742,3383,-708,-3105,-1552,199,-349,-905,630,-3860,-774,-1150,-1828,643,-4126,-596,-1380,-432,774,-1454,-883,-293,-5834,902,-1555,-2456,-1048,458,-1060,-2540,223,-840,-1122,-1853,-3637,-472,199,-6544,-6776,1260,-2577,-374,-11531,-2161,-1069,-1131,-1782,176,-3137,-1835,-5487,4065
G	Chínipas	-10850255,2698738,-4903,970,-2042,1552,960,3327,-3978,-889,-416,2638,935,1350,-357,4172,-1085,3550,-1105,274,-2168,2258,-927,-229,635,993,-635,351,-962,2961,481,1268,-609,650,3856,4976,3476,2889,-3805,6570,-444,4437,-2817,3715,893,472,51,6790,-343,640,-5734,2252,-996,2222,-1655,1186,1430,3553,2144,-734,3533,1080,601,1092,1791,-113,-2793,2658,3877,3383,-149,829,915,888,-588,1987,-2356,1535,981,496,819,-765,768,2050,1438,385,823,1142,7766,736,2955,-4513,2405,1777,2840,-89,1473,910,1508,-2325,-569,-502,1407,426,1253,-419,1178,-3883,759,59,864,-1557,-1273,-2050,5223,2988,773,2541,-1021,1008,3988,-652,2342,-4620,-2308,-5219,-8052,-8412,-6981,2620,-1125,-1438,-951,-37,500,-1221,-987,-2215,-1137,-864,666,-236,471,-1731,-363,-2436,1068,-1896,753,80,484,-690,-558,-924,539,-1464,3727,-2219,438,-950,1852,-77,2395,1743,262,-3295,971,-932,-568,-496,461,-927,-903,-1984,1969,-2980,374,-1699,-695,-1069,-693,196,-945,-904,-402,-1574,-1108,-174,-1075,-1146,-796,-1940,-1273,-380,-2990,1359,-833,-219,-429,-2060,-1976,137,243,-1825,-1000,-396,-659,-1255,743,-1358,-1180,-707,-423,-1304,322,-1951,-493,-1867,2092,-1912,-234,-3556,1206,-466,-570,-2005,-583,882,-1570,-898,829,-1123,-2171,-1388,255,-1844
G	Coronado	-10505663,2641931,-4501,10206,-16299,-5935,-596,443,-133,1648,-1595,600,-1403,-1645,-1388,-249,-99,-774,-1720,708,-482,877,-1685,347,107,1110,1196,1186,-589,91,-1404,2663,-1852,-250,-446,-699,108,1602,-5774,1363,4008,4246,6284,5043,-1121,1328,889,-226,1279,832,-145,1569,-833,331,-930,1684,-150,3773,997,849,184,1643,1513,418,350,1300,1171,191,702,-803,750,342,106,1022,1718,-120,2090,-3119,-857,-2867,-1527,-2015,-4239,-1228,64,-3303,973,781,63,-1778,9582,-1296,-1110,4770,983,5784,-1848,576,1953,6288,-331,1007,-559,-290,-250,3647,4933,-4508,1173,1323,-1436,1277,2371,2583,-845,1781,-1195,-124,-572,564,-1036,3729,1962,209,3112,-3926,-550,-1037,413,-2550,513,1175,-409,1938,1439,1681,4934,-1673,-1328,-3028,-4371,710,-665,-1199,8717,-1966,690,-4479,-765,-976,3364,-10602,2838,3422,3261,831,-1197,3450,7429,1693,1014,-3494,12504,2786,2926,-268,-324,-1905,2853,-213,26,-681,-1120,-810,685,-1395,-870,-610,-919,-2645,2167,-2803,-4982,-4187,-1184,-1562,-269,-1861,-2922,-617,490,-826,-906,-27,-5382,-4324,-4000,543,-3783,-2627,-755,-1527,-1891,487,-657,-703,1353,-349,-716,-1374,-3715,583,-2651,-1805,-2550,-712,-406,-1043
G	Coyame del Sotol	-10556966,3034487,659,-718,4370,-1262,-222,-3227,3756,51,-893,3723,14119,-113,-1593,4827,5340,-4,13,5103,5245,-42,92,-7254,5230,-126,-8,2850,4187,1,-468,10187,7851,-68,-934,2441,7621,-76,7303,-12491,7664,-188,-6241,-9661,2687,-5554,811,-5563,2704,161,-1349,-3189,-889,-562,1061,-25,1189,-962,-948,-2144,2009,-4162,-1143,-1102,1426,-4591,3496,-1240,-781,-2581,-2187,330,-897,-797,168,-1831,-860,-1512,-711,489,-439,-786,2514,-1489,1008,-2355,-361,-541,2659,-82,-770,-6705,-839,-2275,-5469,-2908,3594,-3175,-15,-732,6505,-1211,762,-19042,-1224,-3022,6447,-5755,4576,-7519,1716,2686,6789,-3006,6289,-6185,-5698,-2924,1747,-1195,4635,-5976,-7676,-54,-487,-5322,-14846,-11692,-1584,-5928,-3602,-195,-2149,3260,-5683,-2087,-1942,3317,-3868,-2322,-2946,-81,-5331,1293,-2363,-481,-35,-1318,-7064,7140,2811,3741,-343,1506,1767,234,1324,1027,-48,773,1363,443,-344,1841,2210,3835,-1227,459,-1134,2481,-1703,-748,-5533,-57,-6141,3491,-9489,10128,-1166,-363,-1452,1810,311,822,-644,-250,-3795,1521,1497,2419,-1611,1929,-2919,-473,-2306,677,-3615,-1210,-2380,2351,-227,3047,1350,2500,1689,196,714,1191,-19101,215,63,8674,-4842,20,214,5515,-16951,283,-798,-1211,-151,-2424,-1370,1912,587,2203,-4361,1177,85,3472,1169,624,903,213,654,-1331,887,-224,4586,730,910,4628,-6159,3015,7384,568,-404,9858,4180,22,-463,14636,-12838,117,-439,2037,826,1415,6902,6172,4455,2038,1783,1770,2062,205,2360,1283,1591,1165,-328,478,2171,2389,6165,-3089,15,5068,-5554,30,693,2206,-1826,2053,3846,2153,16,843,2852,5,24,1937,6115,-642,-599,2020
G	Cuauhtémoc	-10666009,2837669,-5220,-532,-1678,-1714,-894,314,-2953,-1675,-846,1322,-484,-423,-3836,1267,-3257,314,-2521,-286,-322,-2333,-16856,204,-219,671,-1368,291,-21,1095,2683,3513,-4760,2128,-528,3042,770,-212,-726,2377,258,2574,-1270,-68,-1986,3086,-1476,358,-823,1073,-2081,22,-1134,999,-1279,13,1355,1889,-436,1210,-766,281,-431,-623,-334,701,-1478,-880,-1396,583,-419,5045,578,137,221,3657,1499,672,605,1157,307,1540,-1046,318,2698,3556,1213,-328,472,1698,-1635,2603,-884,24,-505,784,499,1452,5669,217,207,751,1410,8,691,1376,-538,812,384,763,-583,2805,-1997,1186,-986,1808,-3632,1306,-806,1802,-741,82,-8,1414,-591,142,299,2096,-1579,2626,-1494,1368,-2603,509,-1764,3081,1164,2396,3833,4831,6192,-379,111,-728,4550,204,972,2620,-870,1541,4022,1733,313,2870,1313,-102,-71,-4589,3400,-1777	-10666009,2837669,768,1822,-972,2262,892,689,1979,-407,-45,651,813,277,7120,-1436,939,323,-2094,2416,-2538,1333,-661,2114,1023,-203,-299,1664,-3687,59,539,681,2630,372,552,1323,694,-584,3383,511,-3924,1767,-3821,4623,-6485,4468,-3098,-1206,278,614,-1448,602,-1070,2224,-1648,1342,-2190,7760,-2668,2212,-1716,391,-1386,-1097,-4679,1136,2453,2332,-635,544,2276,1726,-1421,392,1996,1798,3684,-848,1226,567,591,1174,-2461,953,909,867,-2162,348,-2621,2704,608,2984,1092,-185,136,678,6589,-1023,613,3117,-1490,862,-247,7928	-10677692,2903290,-5177,1168,3965,8458,-1943,1311,-6928,-5711,-4434,3807,-3838,-1171,-1052,1242,-1861,418,-960,-791,-2532,1316
G	Cusihuiriachi	-10666009,2837669,-5220,-532,-1678,-1714,-894,314,-2953,-1675,-846,1322,-484,-423,-3836,1267,-3257,314,-2521,-286,-322,-2333,-1625,-195,-15231,399,-219,671,-1368,291,-2199,-1712,200,-611,-1564,-202,-126,832,-1355,-122,-100,478,-3952,-2287,298,-805,-1075,1306,-7771,-2901,-221,-2198,1897,-1180,3002,-621,-3085,-2071,1320,-2502,3025,-2281,-432,-1847,-4241,-393,701,-5340,1643,2881,1344,153,-15,-1830,978,-166,149,961,733,-163,252,1815,2500,-465,422,1847,-1953,3143,3234,-115,-289,-1537,2376,-399,-223,-1560,-1863,-493,-394,-3252,914,22,40,-953,4417,1099,-2212,-2950,1183,-702,254,-1167,3627,2077,3464,-1157,225,2291,7270,-1048,2853,-2905,1809,1667,2238,-1893,970,767,939,-556,976,558,-1199,1915,1439,725,8733,-1027,297,-787,5022,3125,5986,-6818	-10664002,2803735,15,8288,5168,-4366,4651,4969,729,74,-2969,2593,226,2311,-4225,1331,46,1059,-4778,-9,-261,2028,1975,326,162,941,-1819,86,3150,3540,976,-287,184,782,-8919,1561,-332,-1359,-1049,58,-67,-1026,-900,1688,184,926,-1402,-245,-1508,711,555,1968,4442,109,-1892,2570,2890,1349,603,-1619,-726,-1317,2597,-812,1131,3294,-844,2412
G	Delicias	-10550368,2823644,955,-5261,-3323,-407,-1350,-3036,-3771,-2133,506,-376,-373,-314,-3034,-1155,179,632,-654,-282,835,1458,-3726,-2371,-1593,-1882,369,-788,-829,-1681,-2107,-474,8505,-8756,4495,4440,1541,-140,2072,818,100,-794,2223,1603,138,1049,1833,-307,29,2096,4437,30,882,-846,2421,3370,1250,-138,270,-1066,1936,-15,-28,16721,970,4,-571,888,616,589,-1751,645,-246,1089,-1090,881,-2509,-711	-10550368,2823644,2477,-31,80,523,858,-433,1848,2549,4336,89,8,683
G	Doctor Belisario Domínguez	-10664002,2803735,1497,-507,1374,-1421,-577,-1092,-2095,-30,-1651,-3480,5693,244,-475,-2135,-4798,-575,4582,-679,2742,291,-126,-2102,986,1560,5090,-3592,-426,-313,362,-6506,-3588,216,4922,-8003,1655,3732,-75,-1400,511,228,-131,963,2651,2049,2911,-269,942,-1305,2935,-1437,788,1096,3154,1192,532,-703,1570,374,3290,3770,-2023,1309,1570,2005,865,3478,78,2070,-1075,678,-16,710,-7398,147,2117,1789,-1792,1336,-2770,535,-1280,-708,-2183,3338,3266,33,1067,2198,2082,-254,-203,755,919,978,-740,738,-764,5096,1731,254,1516,1185,485,2022,-354,1620,3321,1049,-913,3767,-4542,742,-6708,2369,-346,-1581,-1102,-976,-490,-2366,-4206,721,-1883,1220,-370,1169,-579,-1668,-854,179,-239,-1285,-1706,384,-1878,-1096,972,-237,-226,-2311,2969,-2593,-729,-74,-4651,-4969,-5168,4366,-15,-8288
G	El Tule	-10652061,2714072,-1486,-3367,744,-1353,2914,-453,-28,-679,872,-128,895,710,653,-743,1171,757,484,-428,825,1331,2279,-573,1836,-521,828,-1411,1189,372,842,-2004,3690,151,989,699,655,-755,-270,-1818,-1207,-128,-535,-1421,1355,-1553,-179,-1196,672,454,-63,-846,717,-462,203,506,2088,-342,1021,-1467,510,98,111,-1808,3309,-3373,-890,-803,1352,-695,-436,-1072,3404,-1004,2578,703,183,-2131,3155,-535,73,2256,529,-354,2982,3640,-3052,1058,1219,2564,-1209,325,-1239,2519,-1860,-1858,-482,1439,-2366,-537,-3179,5603,995,1633,529,6641,3745,110,-806,2501,908,530,-2667,258,-501,948,-3926,426,-2145,-611,1439,-2311,-2097,-1294,-6078,2869,-2357,-50,-1604,729,-7409,-2287,-1876,267,-1207,-495,-1690,955,-1099,-186
G	Galeana	-10746024,3033106,-4773,4668,1,4789,-7636,2344,214,-7164,-3531,-15,-121,-879,-2026,-56,-3578,1035,-902,872,-4251,-1112,-4913,713,139,-11962,4619,-3332,-806,-5417,-4727,784,-1300,-1458,-2552,-1226,-790,434,-665,-755,-11994,1003,-765,-6461,3216,-3194,-514,-1381,318,-918,718,263,-582,-2547,3096,-1166,436,3555,1000,621,3006,-1873,6246,-151,228,-7056,35044,170,-194,30327,-1661,6545
G	Gran Morelos	-10643501,2823140,-346,-1581,-1102,-976,-490,-2366,-4206,721,-1883,1220,-370,1169,-579,-1668,-854,179,-239,-1285,-1706,384,-1878,-1096,-3253,1094,46,1059,-4778,-9,-261,2028,1975,326,162,941,-1819,86,3150,3540,976,-287,184,782,-8919,1561,-332,-1359,-1049,58,-67,-1026,-900,1688,184,926,-1402,-245,-1508,711,555,1968,4442,109,-1892,2570,2890,1349,603,-1619,-726,-1317,2597,-812,1131,3294,-844,2412,766,1841,-970,2243,892,689,1979,-407,-45,651,813,277,7120,-1436,939,323,4031,-2804,2597,-3070,-284,-1660,-2945,821,-334,-1269,3081,-762,-238,-1405,1315,-226,881,-3048,1858,788,1468,-5505,-416,-570
G	Guachochi	-10686162,2720939,-1873,-857,2756,-578,-374,-1158,587,-1134,-718,85,-1913,-1563,-157,-3830,-1039,-832,-2737,-226,145,-1247,-629,-364,2905,-453,2530,-3505,-425,-1550,804,-640,-3347,-1009,1505,-2928,-1754,-653,-792,-1583,995,-752,984,-2185,-456,-1557,-685,-289,6831,-7548,-975,-1230,218,-2105,-855,-1473,-747,-4243,780,-2013,985,-201,1191,-2399,340,-1493,-497,-1126,-795,248,-486,-1715,-1473,-602,-1120,661,-811,-1303,-1839,-622,-608,-909,-667,355,603,-3172,-816,-526,-1214,452,-722,1456,-1952,54,-956,1541,-2588,2006,-3207,656,-2374,-472,-640,752,-2260,-554,-3201,441,-1588,-1489,-1482,-114,-537,-924,-2306,56,-453,-860,-1454,-160,-750,601,-2691,-432,-734,904,-37,-1217,-880,-1170,-720,423,-1019,-408,-4206,2150,-111,745,-738,21,-3078,2628,-2797,-85,-1381,1162,-765,-957,-1043,12,-730,1852,-1442,895,-5500,1341,-777,-73,99,-763,-1800,150,-718,806,-386,-1323,-3696,2066,-151,718,-1311,382,-809,-460,-601,882,-1516,-104,-277,1494,633,186,625,1821,-322,1140,1478,1843,-38,3927,1475,360,536,1425,6428,1801,12667,6932,-8781,11221,2395,-98,-2616,2857,-541,1931,-2035,891,-958,-466,-557,1031,-561,-878,-296,664,-1724,-532,-468,1287,-1859,515,-173,774,-2439,236,-7060,12102,-1371,7364,-7915,-5294,-1655,189,-2471,1805,-923,-566,-4221,834,-2625,-674,9889,4248,1646,4299,859,5637,5521,3174,-3146,950,-2481,2190,-3419,1101,45,874,-833,343,968,1274,-231,875,1460,1877,2414,2029,1553,417,1152,1899,4031,2976,1442,2408,742,356,1084,-501,1002,1383,9163,-4094,12795,-11612,4015,8087,1361,-200,287,-936,135,1175,860,-636,26,701,1447,-365,135,562,887,-219,233,1109,1967,-1356,608,969,221,-1173,991,207,67,-860,517,862,1153,-256,84,843,589,-1072,2186,1666,285,-443,-726,-814,1794,495,64,-870,484,2230,1625,-2270,112,2517,848,96,-382,540,1359,-513,228,1208,415,-316,431,564,118,-781,1028,316,24,-831,486,-4,-813,-1144,692,-579,-1095,167,448,-632,-274,-3522,1218,128,4953,-4298,1882,9,-23,-891,1446,-1735,3137,1108,1016,2798,430,-113,907,-4936,1655,-2659,-793,-883,-194,-2868,2660,211,380,-1807	-10686162,2720939,-1113,7936,-1798,4248,-1683,2021,-2494,1388,-4351,1193,-305,966,3998,976,554,840,-858,606
G	Guadalupe y Calvo	-10775504,2613451,-2563,236,-823,3176,-2146,1508,-1233,380,-1573,-519,-1555,1416,-212,2962,-4371,6073,-170,2838,2973,3218,239,2347,11934,-259,2631,3521,4214,2259,-613,-3652,943,-2465,8826,-4128,-2390,7804,5041,923,-425,1876,516,1414,2779,1719,-464,369,405,1210,-749,221,329,668,2674,467,724,888,-209,884,1246,-117,-3588,2787,3260,3885,1851,733,-245,1240,4971,-121,2467,-7360,2153,-479,2288,370,-1554,1933,84,507,1988,618,184,769,-793,576,230,2081,-1886,1431,2146,6413,-2871,570,366,1292,1043,-12,575,912,1571,-1117,3617,-310,289,-830,2707,-1424,111,-745,4206,-2150,1019,408,720,-423,880,1170,-81,1185,852,-872,2691,432,750,-601,1454,160,453,860,2306,-56,537,924,1482,114,1709,1519,3080,-471,2260,554,640,-752,2374,472,3207,-656,2588,-2006,956,-1541,1952,-54,722,-1456,1052,-9,-485,-2154,1698,-437,880,-1119,1224,284,2558,-1864,-263,-753,1077,437,206,-777,608,156,4324,-6607,2382,-29,1944,-1790,142,-1346,1127,192,423,-1103,2616,-2130,2564,-1067,670,-1045,1090,520,1812,-1407,1113,558,1849,-1058,873,393,306,-902,1945,368,3876,-2313,753,-2675,3689,-2059,2356,-5344,7399,-7005,-2014,-3347,454,-1821,-2440,-1528,-3122,-6344,1705,-1433,90,-1832,-1397,-963,-320,-1274,2589,-58,-1093,-3233,-3628,-452,-956,-1340,-3239,-903,-1328,656,-1329,-3962,444,-22070,2955,2177,6220,2786,68,-1269,-4560,-2155,-1935,-1569,-721,-1488,-3053,-1073,-405,-847,-2155,-1000,-3766,-4360,-121,-1804,-2357,-804,-364,-774,518,-1132,-1936,928,-996,2257,-2583,1168,2575,-2286,-1692,154,-673,1621,308,-1599,-4244,409,-7076,-1175,-5757,-177,-2579,7190,580,53,-10114,1759,2750,665,162,2955,-2498,1704,-2032,-1655,-6,-691,-3245,624,-495,1313,-1614,824,372,2093,-427,765,687,972,-13668,9494,-1429,400,192,761,-2208,582,-1035,1064,-713,-261,404,1460,-5366,3242,910,2919,699,412,-234,3182,603,1206,-3034,4680,180,2762,-4164,3312,-6959,3170,-4388,-291,-3217,-2685,-1395,433,-1390,-1156,-593,2212	-10775504,2613451,744,1928,973,316,-85,1029,2129,-250,577,956,1523,-884,4367,-182,1701,-906,5345,1607,2662,-1103,1547,-1727,-347,-503,1773,-1097
G	Guadalupe	-10618327,3145814,4941,-3254,2634,-334,2694,-2362,6022,-488,-700,-1693,-351,-7768,4024,-2101,-597,-2471,-3933,-2153,2849,-5139,1639,439,2124,-1948,3092,-622,725,435,1238,-1697,8040,-4285,1018,1327,2179,-943,-1878,9521,1717,1607,2558,-2116,1033,-3124,3024,-160,3169,-2782,6188,-2116,727,-1776,1466,23,2243,-1464,865,-1881,1067,-757,377,-3058,1232,-1093,-110,-751,1292,-1862,2457,-500,1684,-1977,1370,290,813,-1149,-491,-599,2792,-1656,402,-940,1531,44,-160,-863,634,339,543,-1099,2771,-907,154,-1093,1215,73,-421,-976,1289,-550,-1035,-1950,584,-531,823,450,1568,-614,1014,302,911,-1451,1358,424,1169,-1299,883,93,194,-1744,717,619,322,-726,622,1506,819,136,1599,-1912,912,131,921,-1429,1941,955,1048,-453,1265,681,547,-859,-1043,-843,356,-551,2141,884,1848,-2434,948,875,1077,-682,-519,-1767,4303,-224,-213,-593,1068,-381,440,-1655,1800,-816,659,-1558,1244,397,589,-528,81,-1271,1571,-597,-122,805,635,106,1368,-1010,2064,718,510,-1340,1542,-989,218,-2794,1162,-2424,4111,-1159,647,607,591,-1955,921,-37,1070,-1465,48,-1654,1540,-2356,-287,-594,486,-352,-470,-269,1236,-472,-68,-1813,746,-113,-195,-2165,-6548,-513,-2427,1117,-2142,2849,-4633,62	-10556966,3034487,659,-718,4370,-1262,-222,-3227,3756,51,-893,3723,14119,-113,-1593,4827,5340,-4,13,5103,5245,-42,92,-7254,5230,-126,-8,2850,4187,1,-468,10187,7851,-68,-934,2441,7621,-76	-10556966,3034487,-552,2401,-3200,2430,912,2410,-642,1763,1107,3586,-311,2648,-2030,781,-6910,10,108,13680,-4349,1473,1840,11377,-5335,2373,-334,1738,-5306,3498,-5712,12,-517,-429,99,-2276,-17263,13,-74,7659,2548,40,-116,828,-4500,-606,-1654,3028,38,5588,-4126,7,-81,-2880,-6042,-345,-65,4574,1600,177,-1532,462,874,328,-863,328,11,722,-7933,1867,-657,971,-362,1569,799,2462,-2356,334,-639,6037,-539,246,4604,2288,-36,7800,-712,-937,-867,876,3,1803,1680,105,-255,4510,1112,-52,-17,544,-1133,-37,-361,4793,-1087,57,2145,6272,2467,-2377,5279,4168,-119,630
G	Guazapares	-10809595,2772256,692,-640,-467,-1062,1844,-3209,-416,-2539,1429,-1342,2874,-741,-175,-803,1025,-846,-2625,-2385,933,-324,-542,-3143,-738,-673,-1116,-5265,-1511,-1262,1403,-1058,-102,-811,-2283,-627,-937,-1017,2304,31,-883,-1764,928,-950,-58,-1528,1144,-436,-434,-632,631,-901,-14,-1719,-531,-888,-4531,-923,-1409,-801,126,-802,-5269,1580,-1798,-3276,432,-632,-5616,-3877,2628,-1153,369,-1631,-851,-1853,-1739,989,927,-3422,-1764,-3866,3921,-6146,-4645,-1625,-2013,-2217,-5559,-2070,-1375,3521,-5329,-3195,-1407,-2210,-2199,839,-1145,-254,-943,1290,-573,-502,537,1628,-1206,466,234,3556,-2092,1912,493,1867,-322,1951,423,1304,1180,707,-743,1358,659,1255,1000,396,-243,1825,1976,-137,429,2060,833,219,2990,-1359,1273,380,796,1940,1075,1146,1108,174,402,1574,945,904,693,-196,695,1069,-374,1699,-1969,2980,903,1984,-461,927,568,496,-971,932,-262,3295,-2395,-1743,-2087,140,-203,887,-3727,2219,-539,1464,458,1192,-1137,342,-1068,1896,363,2436,-471,1731,-666,236,1137,864,987,2215,-500,1221,951,37,1125,1438,6981,-2620,8052,8412,2308,5219,14737,-9985,-1020,2992,-4664,5861,8196,4004
G	Guerrero	-10754420,2889025,5098,1735,1907,-2968,-4429,-2774,-2125,-4334,1591,-653,460,-3530,6516,-1206,-129,4153,3703,-2867,2859,-253,1487,-1761,-389,-1607,1747,-1416,2541,-342,1403,822,1050,-760,-1384,-3679,1428,-63,84,553,2638,-1151,1478,-1889,-1186,-416,1243,-131,1037,-1972,3051,779,419,-5045,1396,-583,1478,880,334,-701,431,623,766,-281,436,-1210,-1355,-1889,1279,-13,1134,-999,2081,-22,823,-1073,1476,-358,1986,-3086,1270,68,-258,-2574,726,-2377,-770,212,528,-3042,4760,-2128,-2683,-3513,299,-782,-2477,-2025,200,-611,-1564,-202,-126,832,-1355,-122,-100,478,-3952,-2287,298,-805,-1075,1306,-7771,-2901,-221,-2198,1897,-1180,3002,-621,-3085,-2071,1320,-2502,3025,-2281,-432,-1847,-4241,-393,316,-5178,385,-162,1643,2881,1344,153,-15,-1830,978,-166,-217,-1640,-652,139,-225,-724,-3785,504,-1302,-6267,-2031,401,569,-1268,-596,-1185,-743,-388,-1985,961,-695,-674,-1042,827,-1975,-726,-1450,688,-605,-411,1070,-1746,-4084,658,-3964,2591,-3287,546,-464,-45,54,-907,-593,383,-1541,-1602,-3637,1290,-2026,-217,507,1632,-639,1219,-1775,-113,-97,947,-2473,1229,-3671,176,-1898,2069,-2366,413,-1456,-961,53,-1294,-1056,-888,-2266,467,-396,-453,-3695,1425,-3351,-1832,-366,-2828,-3480,279,660,2946,-4217,2544,-1578,185,-893,-1047,-1616,1685,-326,-806,-2243,1492,880,473,-167,1268,-995,357,-322,998,-609,-466,-2941,3965,-601,-219,-4162,2940,-9658,7537,1539,2415,-648,458,221,987,3640,5491,4631,2050,-1568,1175,1671,1435,4608,1073,185,2001,4205,5589,-1714,3513,2588,-551,179,1859,4115,-247,1945,-1286,853,1425,-368,2380,720,505,-1125,503,767,865,-1376,1048,1347,2253,-1098,979,1635,290,-618,1084,439,16	-10783837,2865507,2887,1140,3276,2872,-215,-4796,1371,-160,258,525,770,-532,1140,2513,6385,2808,1062,2228,1468,-996,-113,2062,2109,-174,-394,295,727,448,-262,727,2261,1399,753,3639,1698,741,693,6172,3543,2607
G	Gómez Farías	-10789583,2948963,765,-1734,2353,-2255,1328,4,168,726,386,-730,1593,16,666,-3273,-280,-2717,-5563,596,-378,-2858,-2079,-9,7,-3663,-1248,-1,14,-1914,1242,-865,7,-1342,-1684,-36,1190,-1819,-110,-995,910,-157,563,-1552,27,1119,586,222,2326,-775,158,563,1757,-1446,445,1627,2498,-2746,5170,1129,1319,-1527,1623,-185,651,574,2964,-2729,-811,-3021,1059,-880,2127,707,1066,-205,410,-1199,1597,-96,4630,2470,4051,18339,-2852,362,890,5234,-2123,-569,-11062,3245,-949,3539,-5018,155,429,-516,-536,-716,-620,1488,-626,-683,46,933,-561,-418,438,1141,-3455,4161,-684,-906,-655,489,-1280,-787,-1250,-1662,-1159,30,-1170,923,-980,-202,-20,-742,-1119,-609,813,-1253
G	Hidalgo del Parral	-10569081,2686236,-4173,4939,-4638,1793,807,515,-2532,155,-1530,1689,-723,-369,-631,1687,-548,-460,-1173,2057,-2614,492,691,1879,-1575,-700,-2739,1715,-1283,-2569,-1165,-345,-1893,2102,820,1695,-825,2023,1459,1057,-1841,583,446,1596,-446,2081,-761,-80,-1876,2038,1477,1159,698,5109,1582,-147,642,1198,1878,1011,-1080,2309,-1829,1142,-1230,-264,2821,1425,-1682,67,-602,865,-472,2523,457,4279,-479,973,1330,411,1919,-563,940,-1484,1520,-618,1759,-1875,2046,1276,823,-2325,1285,-733,3586,1657,2639,-1792,-837,-1575,1613,-2206,1807,-1083,2159,1524,304,1538,836,419,-96,1356,1332,507,-1319,4331,8993,4595,1994,-2630,-1197,-3088,6794,-2177,745,1286,1680,853,3760,-154,-2653,4788,9282,-1043,-552,-720,418,-484,-1008,-649,732,-1803,-518,-1175,2357,-2711,-185,-1433,1613,-2832,-906,-1623,-92,-1890,-1401,-1033,358,-416,-3768,1051,-621,-2106,661,-1270,-3913,1386,-22,-2554,-4998,-354,-804,-1242,295,-1934,-2263,-2805,860,-951,203,-3378,2132,384,-85,527,1990,830,225,-1299,763,-101,907,-2320,-1113,-2096,-58,-1916,576,-774,-1753,-1210,-83,-1224,-1126,-818,-1348,-2936,-1744,-1041,-370,-2772,-2823,982,-203,-793,-813,-115,-1857,2324,-5754,-1530,-391,-1593
G	Huejotitán	-10618741,2714734,1033,154,700,-879,704,51,332,933,1311,71,1691,1100,312,924,1838,229,-318,423,1437,520,-1293,4559,-772,503,835,663,-736,1022,696,561,-301,1113,-1001,667,402,930,999,-292,2,-1096,750,-638,1166,-100,-43,1101,2024,-290,5092,-3805,1141,911,2786,19,2166,-786,964,392,3017,-2145,222,-1473,-1840,-948,-642,-1198,-1582,147,-698,-5109,-1389,-768,1770,-2413,779,64,446,-2081,-446,-1596,1713,-177,-1331,-1463,825,-2023,-903,-1319,1379,-1921,-1942,-1581,-592,-961,317,-607,-2549,-3265,-1736,-5788,-1608,-989,-4118,845,-3634,6162,-2681,-761,-3052,1058,1219,2564,-1209,325,-1239,2519,-1860,-1858,-482,1439,-2366,-537,-1302,1643,-1877,3960,995,1633,529,6641,3689,66,-750,2545,1011,410
G	Ignacio Zaragoza	-10802288,2977739,-439,993,821,1396,-482,2342,2385,4015,179,1594,-597,481,768,193,166,846,-845,697,540,262,-451,735,1690,207,-92,1258,-931,366,697,677,-602,1025,603,205,-590,1952,-2028,4152,1149,-557,159,630,1152,348,60,870,1780,215,2009,-628,438,568,4620,-1613,436,3555,1000,621,3006,-1873,6246,-151,228,-7056,14455,-46,4087,-3039,-880,-233,403,-849,1448,381,2054,-1330,222,-1887,2073,-1701,2341,424,3201,-2602,1028,-1252,-2198,-5722,-1634,-1041,7431,2497,1264,-3482,-696,-1250,638,-1330,1342,-1230,460,-1498,1351,-66,-1171,-1205,1074,-1950,-1391,-2901,3048,1438,2449,173,-2198,-1083,936,-6486,-518,-122,-247,-1610,-1019,-387,-547,-1800,1161,-908,-107,-1479,-571,-146,-167,-1110,-4055,-295,-4297,-2084,-3216,-463,-917,-1362,-1245,-526,-2631,1833,-1590,-6413,-2123,-569,-11062,3245,-949,3539,-5018,155,429,-516,-536,-716,-620,1488,-626,-683,46,933,-561,-418,438,1141,-3455,4161,-684,-906,-655,489,-1280,-787,-1250,-1662,-1159,30,-1170,923,-980,-202,-20,-742,-1119,-609,813,-1253,-2391,444,-695,5649,-3155,493,265,6347,1487,6160,-5269,-650,-1184,1710,-1776,1111,13,7512
G	Janos	-10820848,3133337,-54744,-95,-6131,-9341,-6258,-22,-2648,-2545,596,-1089,3964,1648,1236,-2382,4331,-215,-2999,-2363,-1063,-3375,1234,-1012,6319,-2287,225,-2883,1855,-489,1941,-1672,-2257,-1830,6850,-16,16,-2772,-11945,-114,87,-10072,-13685,346,939,-4655,-561,-8739,-1284,-3672,2933,244,3205,-2006,1999,-2990,-954,-6482,4582,-2284,6863,-1446,548,881,2987,-153,-77,-1407,4004,-2572,961,231,370,-2478,1212,-1038,485,-5159,-765,-217,6094,-307,-973,-2936,-3509,-1886,2881,-4206,-222,-3448,4205,-284,1424,-2929,2357,-2468,-835,-1687,-6967,3159,265,-6225,11221,-5629,363,8441,2613,4018,3419,-205,539,4153,2991,-746	-10820848,3133337,-13,-12074,3459,-2,150,-1921,1599,-2249,5886,-6463,-2242,-1590,780,-4356,6648,-76,-4,-881,3164,104,433,-10184,1531,-835,345,-1829,1203,-1716,-349,-1385,1043,-1102,-2742,-1203,1829,-5073,117,-2992,830,-526,-345,-270,1542,-4052,840,-125,-343,-482,769,-450,-62,-2187,-472,-273,406,-1375,540,45,797,-1599,-8283,-1022,-331,756,-1701,-798,168,1271,-2135,1633,-5218,-511,280,-1453,3520,-3414,-200,-2382,-2237,-982,-1739,142,-5767,-3364,1443,-2172,-316,-1012,-1057,306,-464,861,-1454,-794,-214,-1835,-1616,-1790,-92,-896,-2092,-833,1700,-1678,3066,-270,880,-1395,-845,10,-3766,-3074,463,-1584,1702,-1032,-324,-1207,-5197,213,-4292,1547,-3768,-388,-1001,753,-515,-204,269,-1017,-2606,-1273,579,-1440,-445,-1154,-1239,-754,-2418,708,160,-1058
G	Jiménez	-10393265,2675399,-6127,-47,-121,2400,-3817,-319,-1249,-3150,-13829,3070,-4378,356,-4518,6521,-2178,-2454,870,-257,-2917,-1617,996,-611,359,-2098,-1552,-1122,1760,-887,1315,-2647,-2029,-1820,-2352,-5068,-4510,-1574,-5936,-3624,-3810,-9307,-2302,-4467,-695,-99,748,-3233,-568,-1890,-7340,-7408,-1941,3994,-2626,-1159,-2516,2279,-885,-56,-2339,3858,-7038,6282,-1304,-665,-3022,1871,-1801,398,-4983,-521,5390,4454,906,27,-490,826,2922,617,269,1861,1184,1562,4982,4187,-2164,2977,916,2471,870,610,-685,1395,1151,856,201,2007,-1156,1350,-3585,13299,-8666,-441,530,350,-4227,3162,-2222,343,-6674,9550,-1959,-1914,-2047,991,154,893,625,165,-488,505,522,1386,-462,1166,-857,-544,-1915,1689,-1755,147,489,1397,-1134,1386,4,1352,4551,1504,-936,3787,-1100,-28,-396,3060,-975,1001,1013,803,-727,848,1089,2627,-2086,1758,359,1260,1672,850,-6104,8412,383,843,-1866,1198,4614,649,2683,-1320,1573,8,526,-1664,3910,947,67,3678,2705,2664,1001,154,387,940,5124,-272,93,1896,2165,244,4677,-3959,2088,1639,-2302,3458,4445,1723,687,-837,1138,793,3669,-1746,658,849,5446,-2250,1857,-1466,4252,223,1963,718,1633,3540,5125,-3018,6896,5967,8550,4202,-555,1472,2012,1410,64,939,777,-2189,2037,34,760,-2443,3162,4,704,-661,3891,2837,7333,-1880,866,1954,27715,-444,538,-2183,-391,-10954,-514,103,-1323,-12933,4476,-1330,1236,-5533,1036,624,1097,-3572,-97,-8875,1593,-3352,3101,-1329,1163,-5540,-3912,-1363,-468,-2819,-6746,-4608,1617,119,-1578,-3968,7209,-6000,2564,-656,335,-1966,2575,-3780,962,-3703,1616,-982
G	Julimes	-10468540,2876879,-5342,-1182,-2249,1388,-1463,65,-818,2365,-4307,-813,-1557,639,-3528,-1478,710,3987,-16668,-3997,-5612,4789,-4889,-7684,-2142,4780,-5779,-3119,-1263,2173,-776,-246,-3299,2220,-1670,-1317,-209,-1294,-1712,-2011,-3627,-2244,-252,-1055,-1623,-946,75,-855,-2614,-52,-1729,-1278,-1236,-46,560,-3848,-7973,-4039,-603,1192,316,-1766,-1718,-2741,301,-1500,-721,-45,-857,-1269,3794,-1270,-1025,-3704,1403,-1746,-843,294,-1351,-1185,4710,-2511,-377,-2594,790,-2431,-1482,-1540,788,-581,4,-983,2773,169,2011,-1546,590,-1387,1579,-135,1006,-967,-425,-1815,764,-907,2470,-90,3290,-2216,3896,1973,3751,798,64,1346,698,-695,5900,195,-511,1081,907,989,3220,-1823,4294,-1188,-1309,-327,2379,-4643,12177,1647,191,3195,2307,-1286,3901,-727,1905,-2806,398,-2286,3584,-256,396,-617,3052,546,950,1498,1472,351,571,2002,4237,5624,1432,-14,73,4288,2473,179,925,1439,-977,1443,-412,2787,928,2085,-1038,-33,862,2842,-127,2600,2153,1504,-1117,765,1464,294,-381,1157,-4459,-961,86,4058,7615,1816,-280,1771,3150,1781,130,921,3351,-47,-2698,5295,-973,49,-6,6453,-5477,-2036,-1322,3345
G	Juárez	-10652819,3178388,1795,-2247,2121,-1324,1596,236,608,906,1511,491,7184,-3336,774,-1869,2270,-1571,1528,-3358,2994,-3931,2347,-6152,3441,-2059,920,-2797,2819,-4523,2805,-1367,-5381,-4471,-2467,2377,-2145,-6272,1087,-57,361,-4793,1133,37,17,-544,-1112,52,255,-4510,-1680,-105,-3,-1803,867,-876,712,937,36,-7800,-4604,-2288,-5663,3344,-706,-3244,-2284,434,606,2855,-11665,-27,593,-3478,-11320,-56,-4434,2230,-2737,-933,-5920,-468,-18,-2235,-3118,-1283,-4973,-180,672,1867,-1596,973,-2734,3429,-1891,4812,-4032,281,-2913,9898,10478,3589,-161,2945,10670,-90,6,772,5287,2398,-3246,2266,1264,1194,-3117,1262,-1022,1668,850,737,-824,86,77,9924,-5115,180,-3462,1238,-4268,482,4666,5723,-1498,6175,-1240,489,-497,932,-406,2819
G	La Cruz	-10485985,2799807,-257,759,-5135,377,679,1568,-4221,1250,-13618,557,1912,-3580,-10362,-879,-835,-1636,-3701,-2156,1835,-2505,-919,479,-1367,-1806,-731,1135,431,763,-9373,-6179,6174,-6717,-3185,-1906,2847,-3097,3181,1908,631,-688,4579,291,-448,413,367,1414,3612,-1815,4711,400,5402,2546,2496,336,1547,-1365,-1619,-2319,649,-1185,1380,-407,2212,2615,11330,3024,-607,1642,931,613,1149,562,2353,-113,2153,1541,4010,952,-2359,1460,-2536,-121,-1156,751,-609,5412,-1075,168,637,588,-2116,994,-979,3956
G	López	-10519066,2692227,1962,209,3112,-3926,-550,-1037,413,-2550,513,1175,-409,1938,1439,1681,4934,-1673,-1328,-3028,-4371,710,-665,-1199,8717,-1966,690,-4479,-765,-976,3364,-10602,2838,3422,3261,831,-1197,3450,7429,1693,1014,-3494,12504,2786,2907,-254,-403,-1864,2881,-463,328,1567,-1156,1350,-3585,13299,-8666,-441,530,350,-4227,3162,-2222,343,-6674,9550,-1959,-1914,-2047,991,154,893,625,165,-488,505,522,1386,-462,1166,-857,-544,-1915,1689,-1755,147,489,1397,-1134,1386,4,1352,4551,1504,-936,3787,-1100,-28,-396,3060,-1366,1766,-18329,-8859,-2492,-2976,-1100,-3491,968,-2984,1001,-172,2545,-5018,572,-2465,1023,-421,1264,-1886
G	Madera	-10873030,2926909,4822,-180,1236,4085,-4807,15839,2327,67,437,1682,4653,553,1836,1162,-2392,846,-1282,3489,2350,1376,-2092,2625,1810,432,-368,3912,-1001,2148,3680,1114,-4116,5558,6699,152,-30,1079,5175,750,631,1636,-660,4382,-6660,168,-2173,933,-536,2512,2777,1483,-1434,3181,2634,1563,4083,356,-1023,2588,5429,8122,14776,-40,-1,-4475,1007,-1,4182,0,0,4499,8723,15,25,-24685,9559,-1,1535,-831,1438,2658,7493,78,-13,-7512,1776,-1111,1184,-1710,5269,650,-1487,-6160,-265,-6347,3155,-493,695,-5649,2416,-460,740,-1718,2353,-2255,1328,4,168,726,386,-730,1593,16,666,-3273,-280,-2717,-5563,596,-378,-2858,-2079,-9,7,-3663,-1248,-1,14,-1914,1242,-865,7,-1342,-1684,-36,1190,-1819,-110,-995,593,-241,35,-3380,7131,1416,35,-5351,5308,-24,235,-4230,-13116,-523,-5973,2936,-1181,-4814,-1104,221,-1388,-8677,5333,-1014,709,-6726,-14691,378,1763,-5200,-1943,-2491,-6573,-904,1818,-2110,547,-1704,-2360,410,-1265,-1452,-46,2240,-4354,-678,-701,-1632,1705,-2306,2139,1211,1993,-2147,-1943,-612,1482,-2303,-18674,-503,2718,-3892,-2519,-3227,-9757,3275,-1322,1576,-1032,-1336,769,-928,-429,-1564,-682,340,-1419,-931,-451,557,-1199,-321,-419,879,-1962,946,-1967,-1613,-1305,-101,-822,1695,-893,393,11,2443,-3725,1039,-446,902,-1803,587,-189,2919,945,-256,1184,1384,-583,602,-2781,-256,-2352,4587,258,842,-858,1202,-1750,725	-10870472,2888352,-422,2224,1059,3164,-2615,13247,1169,118,381,1164,-162,451,-1699,-154,-195,1057,3135,3227,-3125,4348,-1656,-831,-799,3723,1408,75,429,1693,-704,779,138,1468,-2060,1363,2074,393,1086,1048
G	Maguarichi	-10802781,2760641,1610,999,4095,-2527,322,1541,961,220,-75,1480,-1326,1191,78,1349,2628,-797,474,-852,595,1456,1060,687,1181,-544,394,-1144,1223,-324,510,993,-578,3030,1549,1161,1134,-283,-309,863,654,2089,524,1457,629,-103,-134,2200,2338,2182,-1938,8274,1107,2178,336,4805,-592,1728,-1121,381,-660,1067,363,1972,-968,286,-378,1681,-895,887,-2533,195,-27,1131,-2226,1978,-2344,1061,-845,-510,-1861,663,134,-502,-4125,-424,-889,516,-1602,-647,-4377,-3624,-503,-3678,-2333,-560,1332,-1966,-1117,-1714,-808,-3133,2546,-3359,151,-1715,1940,-1944,449,-2387,-465,-1330,1281,-1360,1472,-192,2088,-2840,-2534,303,-4409,-1930,692,-640,-481,-1018,1858,-3253,-416,-2539,1429,-1342,2936,-790,-237,-754,1033,-1279
G	Manuel Benavides	-10381222,2927312,1268,-1475,1587,692,853,-1747,-593,-436,-85,-1675,1226,-614,961,1316,585,-684,-263,-653,1451,147,-32,-1294,2415,-2808,1362,418,664,-760,3829,-640,946,-1431,3966,886,1807,-1532,3911,778,387,-1492,982,322,1554,-911,46,-1603,2399,-596,11,-683,2979,-2298,-258,-1746,2294,474,9,-769,2075,-1555,-372,-598,2771,-392,380,-849,1021,380,371,-1296,2642,-365,1793,2806,1566,-728,-310,-952,-1180,-126,488,-947,1087,-247,1198,979,758,-271,-963,-1216,866,-893,-5000,-8203,-4595,-5100,730,-3572,-824,-398,-543,1137,-2164,-2774,-3469,-5372,310,-285,-5126,-9161,-525,375,-3754,-5747,-1536,2936,-934,-1185,-1437,1068,-1968,-4128,2413,-736,-909,-1592,-2356,624,-1760,-3626,1361,4770,-1979,-994,-989,2576,-2186,-1945,-2565,1389,-1674,-4479,-11887,4574,-8410,-2636,-103,2770,-5027,219,-4507,-4837,-3629,4167,752,3465,-2662,4202,-4178,3075,-2575,-2966,-2728,2593,-223,-1675,-1027,-66,-3792,2073,372,1085,-3774,-194,1402,2875,1515,-502,910,3827,2914,-351,204,1866,2262,3318,-1641,1317,2529,1505,-2736,3027,789,2848,2596,-2633,2993,3018,-2916,2931,1932,1831,-4898,3968,520,653,3382,-159,-1883,3736,1729,1968,-1895,2002,-1640,-531,2250,1237,-1995,2846,-4226,176,-37,650,854,-59,75,2294,-4071,179,116,2226,-1989,114,267,2432,-3539,6441,6379,845,7763,-1493,963,1840,1444,-978,1400,2582,14051,-5772,537,282,291,5657,444,217
G	Matachí	-10754420,2889025,-934,156,-4,809,-1686,-24,-171,1634,-864,-505,-1352,1634,1923,926,123,593,-5592,1805,-2584,-569,-782,1519,-952,481,-2729,27,-2721,1046,-569,-73,-1318,-3075,-2753,-685,-1060,-805,-358,-1217,-1361,371,2430,-4369,-2171,762,-1286,-1083,-1705,-58,927,2891,-964,268,-4594,-6198,2225,-415,-586,-757,601,-1246,-564,-376,-24,-3480,-517,-416,3182,-8867,-627,-4222,2887,1140,3276,2872,-215,-4796,1371,-160,258,525,770,-532,1140,2513,6385,2808,1062,2228,1468,-996,-113,2062,2109,-174,-394,295,727,448,-262,727,2261,1399,753,3639,1698,741,693,6172,3543,2607
G	Matamoros	-10538925,2652400,-1431,-650,-3503,1086,-3163,-42,-419,-149,585,-898,-300,-878,-2408,1696,-49,1721,-5286,369,-7057,13695,1867,-6875,-4001,525,378,-1088,-835,747,-2938,106,391,1753,-1891,2196,-1496,-426,-2405,4496,-602,-1303,-1139,2903,-3497,-640,-1296,-871,2926,5137,2702,364,2256,-704,3737,1623,-195,1567,714,403,-1488,1898,1686,715,979,-675,-166,460,1399,608,-1831,1895,-3428,-35,1219,766,-327,1716,547,2218,5754,1530,1857,-2324,813,115,203,793,2791,-992,402,2782,3236,1794,9362,-4611,-1398,-792,356,-484,3748,72,5397,-2163,1161,712,1021,-563,1833,-3337,-1987,-987,1158,-1011,49,-848,801,330,10,-704,-1655,-885,-162,-1604,-997,-849,-107,-1909,332,-2062,1688,-1817,145,-1569,-1279,-832,-889,226,1121,-1328,-6284,-5043,-4008,-4246,5774,-1363,-481,-1460
G	Meoqui	-10535168,2825025,112,810,2411,194,1285,800,170,1768,-2055,321,-2390,1805,-2470,90,-764,907,425,1815,-1006,967,-1579,135,-590,1387,-2011,1546,-2773,-169,-786,1823,839,137,637,1144,-790,2431,377,2594,-4710,2511,-3617,-729,-305,-919,-3179,-1979,-955,-1555,-2490,372,-487,-793,-3797,-1562,1975,-1670,-496,-472,1253,-2740,4010,-3829,425,-1999,1463,-1939,457,339,4195,-1502,1483,-1509,-632,-714,1165,-1197,2477,-31,80,523,858,-433,1848,2549,4336,89,8,683,724,-171,1112,881
G	Morelos	-10800665,2670558,-503,-1591,-1993,-2181,-5004,-2593,836,-1472,2137,261,719,-1036,1288,-362,-64,-1255,1983,-1206,-25,-1177,2095,-1732,251,-1435,2840,-2073,397,-3306,-1340,-490,-1500,-1700,1587,-198,-4312,-3121,3970,-4631,7323,-10577,-170,2838,2973,3218,239,2347,11934,-259,2631,3521,4214,2259,-613,-3652,943,-2465,8826,-4128,-2390,7804,5041,923,-425,1876,516,1414,2779,1719,-464,369,405,1210,-749,221,329,668,2674,467,724,888,-209,884,1246,-117,-3588,2787,3260,3885,1851,733,-245,1240,4971,-121,2467,-7360,2153,-479,2288,370,-1554,1933,84,507,1988,618,184,769,-793,576,230,2081,-1886,1431,2146,6413,-2856,488,351,1374,-730,1852,-1442,895,-6036,1412,-142,-907,-1800,150,-718,806,-386,-1323,-3696,2066,-151,718,-1311,382,-809,-460,-601,882,-1472,-157,-318,858	-10800665,2670558,1263,206,1332,-821,231,1926,-1365,2294,1794,258,-2196,1567,1685,285,510,1023,1821,-701,789,937,2985,-2130,1276,1200,1914,-63,1874,2049,177,-965,-1098,-1041,-271,-1697,1277,-3571,-5653,-2893,-2223,-4719,5076,-4949,1655,303,-525,2355,1763,3649,4778,94,1345,1662,594,2523,-513,2630,1604,-260,549,1636,-2523,3497,195,1547,-716,639,828,2376,1653,-180,204,-972,3538,995,-489,-1642,1688,429,1086,-1486,1424,864,907,-1552,663,1060,624,-199,138,-1062,1207,-548,-244,-807,926,1345,1993,-1381,3607,375,-60,-1246,1446,-717,1521,-362,514,789
G	Ocampo	-10811521,2795823,282,2991,-1009,487,-218,1214,-2092,422,-686,-494,-1083,1800,-1244,336,-10227,-786,-2390,-2449,-3195,-1440,-1992,732,-2783,-283,-879,3729,-2787,-1045,-1505,3495,-730,-2599,-5511,-449,-3565,557,3722,2238,1809,-624,180,871,1158,382,465,894,178,-811,1245,-289,854,1394,-349,1720,-1610,869,366,2616,500,587,1920,156,231,724,1344,-205,-5289,7526,-2544,-166,195,961,1208,823,-1689,1876,1725,6626,-1242,4194,8336,774,4019,-2166,-825,2028,1141,-94,378,-1059,1017,1232,3627,216,1798,-929,1504,727,1022,-567,2916,751,991,-796,321,-1837,694,-529,2811,1150,1481,-294,1869,-2863,911,377,1314,-1064,421,1387,870,575,2465,16,606,-826,-1539,-2415,9658,-7537,4162,-2940,601,219,2941,-3965,609,466,322,-998,995,-357,167,-1268,-880,-473,2243,-1492,326,806,1616,-1685,893,1047,1578,-185,4217,-2544,-660,-2946,-1266,-1357,3144,-6608,-3788,-2634,-2188,1218,-293,2087,464,319,-968,286,-789,2189,-1891,856,-1126,-282,-27,1131,-2226,1978,-2344,1061,-845,-510,-1861,663,134,-502,-4125,-424,-889,516,-1602,-647,-4377,-3624,-503,-3678,-2333,-560
G	Ojinaga	-10468540,2876879,1322,-3345,5477,2036,18,-2920,10076,4016,1111,-1312,3992,-30,73,-2090,2744,32,7,-2877,1988,-718,-40,-751,2331,245,2347,-680,-4870,-5342,3209,-653,3914,-2931,2111,2173,3424,-3386,4976,5154,-1747,1346,1850,594,2354,6409,-3774,-194,1402,2875,1515,-502,910,3827,2914,-351,204,1866,2262,3318,-1641,1317,2529,1505,-2736,3027,789,2848,2596,-2633,2993,3018,-2916,2931,1932,1831,-4898,3968,520,653,3382,-159,-1883,3736,1729,1968,-1895,2002,-1640,-531,2250,1237,-1995,2846,-4226,176,-37,650,854,-59,75,2294,-4071,179,116,2226,-1989,114,267,2432,-3539,6441,6379,845,7763,-1493,963,1840,1444,-978,1400,2582,14051,-5772,537,282,291,5657,-6725,2312,-1754,1070,-118,733,-2564,806,-2457,2750,-1477,-197,-123,830,-1220,452,-613,-655,-236,1055,-510,-308,-663,937,-1030,-155,-406,1486,-1456,896,285,991,-3646,2954,864,2437,-483,410,-1700,-597,-598,1862,-2354,923,-211,703,-4917,963,-397,958,-591,-1089,-1600,-225,-3269,2329,-1020,-87,-1361,1232,-303,1519	-10460859,2982798,-146,-878,1509,-1387,388,426,502,-773,-486,-382,941,-301,257,-1226,1304,-1141,200,-1012,-614,-845,1861,-1143,-914,-604,1125,-481,-298,-1326,745,-127,-103,-1656,1572,-934,-1401,-929,847,-1417,1032,125,766,-2032,787,-344,-580,-379,777,-802,983,736,1186,-1099,1002,-56,289,-1028,787,45,-121,-902,1028,-53,5935,-3910	-10469553,3006665,-812,-230,-373,-1445,1168,-1222,-798,-1475,1400,-785,-346,-2207,730,-602,-732,-1150,1308,139,-527,-2015,1211,-180,-998,-1976,593,-2197,1164,-421,36,-759,1010,423,-308,-1490,653,166,552,-1377,1287,-798,395,-1825,784,-289,-316,-679,903,386,504,-428,-897,-1214,1103,-217	-10481608,3037409,-359,-553,863,-614,-1159,-1166,1102,-1792,2028,-736,1444,-1507,-247,-708,1274,259,630,-983,-284,-2127,1453,-45,-181,-1249,1364,-612,305,575,2746,-2660,-504,-1167,2506,-4966,-392,-2420,486,-461,-1138,-1044,166,-1656,953,-746,-883,-835,539,-673,390,451,-491,-1019,488,-425,-1044,-1865	-10486851,3047265,46,-3143,975,-376,-302,-1135,1354,-634,-940,-1089,-230,-1857,2203,-1658,2137,36	-10502601,3050780,4633,-62,2142,-2849,2427,-1117,6548,513	-10481858,2896217,3602,195,1584,5928,14846,11692,487,5322,7676,54,-4635,5976,-1747,1195,5698,2924,-6289,6185,-6789,3006,-1716,-2686,-4576,7519,-6447,5755,1224,3022,-762,19042,-6505,1211,15,732,-3622,3301,5497,2782,839,2275,770,6705,-2659,82,361,541,-1008,2355,-2514,1489,439,786,711,-489,860,1512,-168,1831,897,797,2187,-330,781,2581,-3496,1240,-1426,4591,1143,1102,-2009,4162,948,2144,-1189,962,-1061,25,889,562,1349,3189,-2704,-161,-811,5563,-2687,5554,6241,9661,-7664,188,-7303,12491
G	Praxedis G. Guerrero	-10599722,3138729,2725,-2142,1640,-133,794,-1196,-235,-1284,1482,-2614,2502,-95,1360,-2172,2436,-124,6168,-7084,-1717,-1607,1878,-9521,-2179,943,-1018,-1327,-8040,4285,-1238,1697,-725,-435,-3092,622,-2124,1948,-1639,-439,-2849,5139,3933,2153,597,2471,-4024,2101,694,8749,357,712,2314,-647
G	Riva Palacio	-10654515,2841850,-2094,2416,-2538,1333,-661,2114,1023,-203,-299,1664,-3687,59,539,681,2630,372,552,1323,694,-584,3383,511,-3924,1767,-3821,4623,-6485,4468,-3098,-1206,278,614,-1448,602,-1070,2224,-1648,1342,-2190,7760,-2668,2212,-1716,391,-1386,-1097,-4679,1136,2453,2332,-635,544,2276,1726,-1421,392,1996,1798,3684,-848,1226,567,591,1174,-2461,953,909,867,-2162,348,-2534,2574,521,3114,1092,-185,136,678,6589,-1023,613,3117,-1490,862,-247,7928,-5177,1168,3965,8458,-3014,2026,-335,6400,5758,175,-1486,4892,-4683,-358,2,1028,4377,199	-10678285,2927278,7416,333,0,-802,2356,27,18,-1180,1633,13,-1120,-2436,3834,109,400,-670,904,8,19,-1715,3840,-204,526,-1444,990,341,940,-477,1616,2029,-770,-5038,-2742,-3136,-1453,-685,-2313,-3955,886,-2942,1554,-416,291,-1172,-1034,341,273,-5586	-10629968,2843106,-712,2804,1116,1700,-2013,2283,813,1367,-770,602,-1332,-296,-452,1395,827,2056,3041,1024,-2424,3248,-2374,1493,-899,-138,-3399,4116,-2224,1725,-506,1903,-1619,1208,-838,1670,1407,510,1014,-464,183,1053,-1571,889,248,590,-2841,484,-758,2455,-1302,972,-10566,-1975,-1915,2563,13,15124	-10629968,2843106,-1115,-663,-1663,540,-1143,-393,-1056,1500,-2056,1009,-813,2397,-2382,-2580,-510,0,98,951,-1101,-161,-10,-791,-5708,-1184,334,-1333,-3239,-552,-1398,2538,-2785,-2534
G	Moris	-10906559,2818260,373,1620,-1312,7369,1678,-545,-1149,1893,1802,-892,602,484,497,-1467,1820,1104,2356,-2257,1317,1002,-86,1255,-926,892,377,1133,910,-1088,-17,-1012,1579,-1165,3880,-620,732,-879,898,985,3296,484,2335,-1330,464,755,943,-604,1185,1179,3846,-1207,-575,1346,4671,466,6268,3145,2613,-696,601,604,1476,-967,652,1463,-149,2804,2484,6,739,1219,5327,-2965,3066,1672,-186,3014,2061,-882,2141,1377,3128,-2187,-3916,-365,1242,-4194,-1725,-6626,1689,-1876,-1208,-823,-195,-961,2544,166,5289,-7526,-1344,205,-231,-724,-1920,-156,-500,-587,-366,-2616,1610,-869,349,-1720,-854,-1394,-1245,289,-178,811,-465,-894,-1158,-382,-180,-871,-1732,644,-3799,-2258,-1305,454,-83,-616,-783,43,172,-742,-1600,-626,-1161,-1569,-751,31,-267,693,-648,-743,-880,566,-590,-392,-927,-1908,-1503,-1124,-3227,370,-12677,5608,1724,933,-2188,293,-4796,2373,-1361,-514,-3120,486,-518,928,-3102,1218,-3518,-4760,2753,-2791,-4349,-2377,-1326,141,-4033,3807,-1692,7429,-2413,5622,745,3386
G	Namiquipa	-10759401,2895140,3112,2455,-1837,1555,907,1774,-462,2914,619,1498,-1117,184,-643,1550,-4846,2652,1838,1087,353,1642,2260,317,-1941,356,5078,23202,-2852,362,2480,11647,2631,-1833,1245,526,917,1362,3216,463,4297,2084,8149,271,-248,722,807,1755,1404,1341,692,-567,604,725,2228,353,2917,-720,3655,1530,5276,-1035,9972,2031,1552,-1536,-898,-394,399,-763,-1007,-258,49,-754,2289,525,1198,1167,1388,-404,3720,451,2136,-3222,5259,510,195,-845,1743,432,1759,-600,2242,503,1693,2086,2112,618,5766,-948,1030,-2286,1370,672,656,2788,3319,-652,2285,647,3058,2016,11813,-684,5356,305,-2905,-1984,-4735,-870,115,-6846,-2823,-194,-377,-839,519,-3781,-391,-1426,-920,-753,392,-1724,-831,-534,578,-1935,2451,-90,-1175,-3165,-378,-4858,4696,-484,-921,-6024,-1616,-2029,-940,477,-1041,-318,-475,1421,-3840,204,-19,1715,-904,-8,-400,670,-3834,-109,1120,2436,-1633,-13,-18,1180,-2356,-27,0,802,-11793,-532,-2,-1028,4683,358,1486,-4892,-5758,-175,335,-6400,1071,-715,-6928,-5711,-4434,3807,-3838,-1171,-1052,1242,-1371,382	-10754420,2889025,-934,156,-4,809,-1686,-24,-171,1634,-864,-505,-595,662,-757,972,1923,926,123,593,-2016,892	-10754420,2889025,5098,1735,1907,-2968,-4429,-2774,-2125,-4334,1591,-653,460,-3530,6516,-1206,-195,4126,2383,442,46,1117,-930,1082,1656,1018,-2238,5152,-75,461,596,-545,163,451,-865,2645,2856,232,-813,3212,-2913,-17,-24,2801,2265,50,395,2359,3282,802,722,-717,4665,-502,417,1859,-591,117,1009,186,-27,774,-2081,2636,54,988,2402,-374,1008,2414,6421,-1052,3430,4932,6192,-379,111,-728,4550,204,972,2620,-870,1541,4022,1733,313,2870,1313,-102,-71,-4589
G	Nonoava	-10663029,2770368,1021,-4098,2794,-1159,783,2020,1030,353,1772,-1014,471,-961,5484,-1832,-2965,-709,1009,-1962,-488,-1604,628,-2853,2471,-1252,-3090,-3570,373,-397,729,1005,619,-316,-125,-627,-1617,-695,651,-701,691,550,1253,-540,-376,-708,2197,-1654,2224,-67,1093,-1484,1178,481,2311,-2125,1591,-408,2396,-5057,-2173,-889,-226,-658,-2939,-322,-767,-794,265,-1384,-942,29,-805,868,-110,-474,-1521,198,3381,-4458,-2341,314,-2647,4031,-1951,681,-971,-3351,-979,-233,385,-1578,-1214,-174,-1467,-2019,-1532,-582,1059,-2415,-747,-1122,827,-506,823,-2055,-1255,-1276,-497,203,-62,1475,-1484,89,-1227,1599,-577,-5407,-4178,1303,-3903,-2058,-19466,2920,-1113,7936,-1798,4248,-1683,2021,-6999,2968,-151,579,3579,680,973,1136,-858,606,1474,3387,-2550,1856,3094,1749,940,1286,3334,5433,287,2249,1639,2691,5902,-3525,120,1153,1136,91,-892,911,854,4588,1279,-107,686,1072,474,-426,2330,2092,3300,-2989,1942,-357,-813,736,906,1900,-552,1224,-2437,2403,2545,-807,2198,207,2920,2497,707,1509,360,-1568
G	Rosales	-10577926,2791611,-3877,-3705,-590,37,-992,412,-1167,1737,-1804,-170,-1010,1087,-129,2143,-1858,549,-141,827,-1877,-660,-1700,415,-1108,2041,-3193,2166,-392,1854,-1156,958,2666,1144,-991,199,-2358,6019,-1179,1423,-1520,-1407,-2676,1498,-2029,-53,-10,1341,-1990,-94,-537,849,2743,2315,2577,374,6776,-1260,-199,6544,3637,472,1983,5270,1024,-495,1555,2456,5834,-902,883,293,-774,1454,1380,432,4126,596,1828,-643,774,1150,-630,3860,349,905,1552,-199,708,3105,742,-3383,2395,-365,-757,7013,-993,2516,-753,144,-40,1420,-1004,1633,2582,536,2473,2058,-6270,6193,6115,-101,-18,2224,1023,7,3,923,4554,-900,13,-1089,977,769,531,-770,-1501,-723,1975,11,-14,4769,931,-1518,3384,-2426,5385,-1236,521,-972,2144,-299,-1025,-3704,1386,-1766,-826,314,-1766,-1401,-3202,-513,-305,-919,-3179,-1979,-955,-1555,-2490,372,-487,-793,-3797,-1562,1975,-1670,-496,-472,1253,-2740,4010,-3829,425,-1999,1482,-1960,438,360,4195,-1502,1483,-1509,-632,-714,1459,-1491,662,-4947,-3324,-427,-1350,-3036,-3771,-2133,506,-376,-373,-314,-3034,-1155,179,632,-654,-282,835,1458,-3726,-2371,-1593,-1882,369,-788,-829,-1681,-2061,-374,4157,-4415	-10564081,2801259,-2977,-1741,-2234,-51,-3710,-1199,-2918,-4733,-2006,-1924
G	Rosario	-10638625,2743238,-64,-1442,1581,-3071,-1986,-630,-226,-658,-1063,151,-280,-494,-918,479,-1445,-1252,265,-1384,-942,29,-805,868,-110,-474,-1521,198,3381,-4458,-2341,314,-2647,4031,-1920,707,-1002,-3377,-979,-233,385,-1578,-1214,-174,-1467,-2019,-1532,-582,1059,-2415,-747,-1122,827,-506,823,-2055,-1255,-1276,-497,203,-62,1475,-1484,89,-1227,1599,-577,-5407,-3165,-488,-172,-753,709,-671,914,-242,3323,1464,2391,-450,-28,-627,2044,183,-1362,-3691,2999,759,1690,-955,1207,495,1876,-267,7409,2287,1604,-729,2357,50,6078,-2869,2097,1294,-1439,2311,2145,611,2646,-224,1336,-237,445,-913,3644,-188,1503,-886,392,955,1311,71,1691,1100,312,924,1838,229,-318,423,1340,408,105,1259,-1312,3433,-761,482,810,424,-712,1275,696,574,-311,1107,-982,614,520,1575,-1120,2983,916,1482,1518,189,1027,932,1399,-511,1954,310,1686,1189,-690,1968,-1170,752,-154,1482,-1417,687,-1966,-1325,-650,671,544,1774,-794,336,-3848,-1614,-2515,1987,-2967,970,-1037,-1662,261,-3097,-5836,137,-741,-1279,-619,1433,-1168,-116,-611,836,-1154,-564,-369,1606,-605,-879,-837,163,-554,1901,-2449,1089,-647,-247,-109,961,-2158,-197
G	San Francisco de Borja	-10664002,2803735,1497,-507,1374,-1421,-577,-1092,-2095,-30,-1651,-3480,5693,244,-475,-2135,-4798,-575,4582,-679,2742,291,-126,-2102,986,1560,5090,-3592,-426,-313,362,-6506,-3588,216,4307,-6882,-2737,2405,-252,-1210,-1209,604,-1558,-7830,-2656,420,-90,1404,-1284,-178,81,-1597,-1277,-853,-942,471,-360,1568,-707,-1509,-2920,-2497,-2198,-207,-3742,2924,-2032,809,352,1884,-2634,1944,-3327,-291,-183,750,-1722,-292,162,-554,-4750,-263,-198,1900,-1561,1723,-2220,-380,-1944,5897,2955,-53,156,841,2346,510,336,897,-4163,3896,-1549,2487,749,1499,-124,1279,-5177,1041,5824,3404,-1646,2079,3300,1647,-1666,2514,2269,1911,2238,-1893,970,767,939,-556,976,558,-1199,1915,1439,725,8733,-1027,297,-787,5022,3125,5986,-6818
G	San Francisco de Conchos	-10542169,2738546,1300,369,8784,-2936,1676,184,2431,2076,815,1776,-612,2767,1245,357,-252,620,1492,259,-396,868,2099,2990,-21,1210,3621,5,478,704,2,5389,-4728,-36,-287,814,798,364,-4494,5251,451,1058,-583,843,1738,576,-951,908,131,1726,-1221,1306,13,1046,3724,1159,-4145,1786,3132,4378,-2762,2980,-594,11,44,-1829,-2147,2699,-1937,-1150,-379,-1686,-730,-83,161,-2405,-2634,-1833,-18381,-1229,-4125,-3728,11066,-5147,2165,-3798,-1407,-908,2195,-2350,-2725,232,233,-625,667,311,-317,-669,659,-660,39,1171,548,-157,-84,-1486,740,-649,2069,-215,-432,-995,471,92,338,-1426,701,-281,-1061,-530,421,-1575,782,150,395,1245,55,-1704,-553,-268,1516,-303,722,-871,287,-1688,-877,-190,418,-1366,-698,-88,-309,-1076,420,-1072,-1160,3,506,-1355,-546,-1316
G	Nuevo Casas Grandes	-10750794,3075849,-5,-7502,3148,40,-166,-1340,1428,-2423,3410,-850,1015,-2457,-782,-1750,1062,-1609,-1664,-1194,387,-577,1787,-254,-215,-6979,-7144,-127,3628,-3260,3006,-4185,1294,-7413,-5419,-863,-4773,4668,1,4789,-7636,2344,214,-7164,-3531,-15,-121,-879,-2026,-56,-3578,1035,-902,872,-4251,-1112,-4913,713,139,-11962,4619,-3332,-806,-5417,-4727,784,-1300,-1458,-2552,-1226,-790,434,-665,-755,-11994,1003,596,6143,-4834,736,920,1305,2664,468,664,3855,1217,1263,-562,2442,1290,850,761,2106,-941,1918,229,2177,-824,2150,425,557,-363,1438,2344,3679,-548,542,1105,3154,-315,909,720,684,14,1928,-575,245,398,3648,-573,167,601,807,-1470,4989,-1633,3283,-540,-45,-406,1375,472,273,62,2187,-769,450,343,482,-840,125,-1542,4052,345,270,-830,526,-362,3643,7147,3318,-875,-3086,-806,-873,12735,5414,3546,-4507,3150,1387,3939,-244,-873,-1975,688,20,1570,-2429,5242,-1730,-570,-4330,1885,-154,8972,6333,69,-2458,1760,10
G	San Francisco del Oro	-10593187,2676557,-734,-234,-10816,8156,-1773,-1732,-1314,-2901,-3010,4966,-1853,-1520,-1256,-317,-545,452,-144,-503,-48,1118,-1461,1573,1085,1072,-575,97,73,2256,529,-354,2982,3640,2681,761,3634,-6162,4118,-845,1608,989,865,4148,2517,4343,903,562,-309,631,1126,1624,646,-113,754,1007,597,-557,1165,345,1283,2569,2739,-1715,1575,700,-691,-1879,2614,-492,1173,-2057,548,460,631,-1687,723,369,1530,-1689,2091,-264,-606,-150,-2975,-7579,-4555,-2658,-4047,-3453,-2250,-903,-1228,-2074
G	Santa Bárbara	-10579420,2669873,1842,-3782,-3872,3002,-5094,5646,-910,-887,-1949,245,-434,2284,-1033,-1095,-2317,1271,1228,2074,2250,903,4047,3453,4555,2658,2975,7579,1047,259,-807,-515,4638,-1793,4173,-4939,171,-2341,-1188,-806,3397,75,1831,-1895,-1399,-608,166,-460,-979,675,-1686,-715,1488,-1898,-714,-403,195,-1567,-3737,-1623,-2256,704,-2702,-364,-2926,-5137
G	Santa Isabel	-10629807,2813650,-1353,789,-3145,-846,-354,1620,3321,1049,-913,3767,-4542,742,-6710,2370,418,569,-1468,5505,-1858,-788,-881,3048,-1315,226,238,1405,-3081,762,334,1269,2945,-821,284,1660,-2597,3070,-4031,2804,2785,2534,1398,-2538,3239,552,-334,1333,5708,1184,10,791,1101,161,-98,-951,510,0,2382,2580,813,-2397,2056,-1009,1056,-1500,1143,393,1663,-540,1115,663,1478,-1486,1825,-208,2001,1044,1500,-845,1405,-2221,-2961,-2454,1671,-261,2764,-2659,-669,-432,-628,-5711,-747,-1314,858,-4417,-1158,38,-1318,-1221,199,938,-797,1136,376,467,-1647,-353,809,-836,-900,-4726,274,-1459,-4339,-1825,165,-651
G	Satevó	-10629807,2813650,-1353,789,-3145,-846,-485,-2022,-1516,-1185,-1731,-254,764,-5096,740,-738,-919,-978,203,-755,-2082,254,-1067,-2198,-3266,-33,2183,-3338,1280,708,2770,-535,1792,-1336,-2117,-1789,7398,-147,16,-710,1075,-678,-78,-2070,-865,-3478,-1570,-2005,2023,-1309,-3290,-3770,-1570,-374,-532,703,-3154,-1192,-788,-1096,-2935,1437,-942,1305,-2911,269,-2651,-2049,131,-963,-511,-228,75,1400,-1655,-3732,-3352,3526,-252,-1210,-1209,604,-1558,-7830,-2656,420,-90,1404,-1284,-178,-373,-2336,-1765,357,1021,-4098,2794,-1159,783,2020,1030,353,1772,-1014,471,-961,5484,-1832,-2965,-709,1009,-1962,-488,-1604,628,-2853,2471,-1252,-3090,-3570,373,-397,729,1005,648,-382,-411,-886,-1279,-64,431,-959,830,502,1253,-540,-376,-708,2197,-1654,2224,-67,1383,-1570,888,567,156,-667,4642,-2775,1954,303,109,-961,647,247,2449,-1089,554,-1901,837,-163,605,879,369,-1606,1154,564,611,-836,1168,116,780,-1428,580,1274,5836,-137,-261,3097,1037,1662,2967,-970,2515,-1987,1353,3126,-9091,5195,836,2957,1774,1554,5916,401,2203,1085,129,1917,-2086,2440,-1645,-955,-2363,-260,-2792,3141,1082,1807,7440,1557,-1472,4451,9204,3535,2365,-5253,7096,-710,2130,-2013,429,937,771,-102,-125,971,-2260,1661,118,1697,1806,1010,795,-2349,914,-629,828,463,1233,-887,4772,-96,1383,-1264,2372,1855,645,-696,1823,3883,3022,-427,-1152,4505,-3732,325,-2726,1625,-781,1582,300,2490,3482,3122,587,4240,1849,869,234,1008,-1321,-137,-803,1787,-3835,-3708,-779,82,-1970,2104,-1804,-170,-1010,1087,-129,2143,-1858,549,-141,827,-1877,-660,-1700,415,-1108,2041,-3193,2166,-392,1854,-1156,958,2666,1144,-991,199,-2358,6019,-1179,1423,-1520,-1407,-2676,1498,-2029,-53,-50,1366,-2062,-77,-425,807,2743,2315	-10606801,2814536,-11531,-2161,-1069,-1131,-1782,176,-2847,-1827,-5777,4057
G	Saucillo	-10535168,2825025,112,810,2411,194,1285,800,-11,1918,1612,1234,5061,1297,64,1346,698,-695,5900,195,-511,1081,907,989,3220,-1823,4294,-1188,-1309,-327,2379,-4643,12177,1647,191,3195,2307,-1286,3901,-727,2154,-3379,333,-3763,-689,428,-5739,-3525,-1145,1458,-1670,-1556,1290,-843,2872,-6325,2197,-1888,1448,-2957,3325,-1020,2470,-1920,1062,367,759,-1732,-1055,-1480,-3117,-1100,-257,759,-5135,377,679,1568,-4221,1250,-13618,557,1912,-3580,-10362,-879,-835,-1636,-3701,-2156,1835,-2505,-919,479,-1367,-1806,-731,1135,431,763,-9373,-6179,6174,-6717,-3812,-1883,44,-1829,-2526,2666,-689,-1003,-869,-114,-379,-1686,-730,-83,161,-2405,-2634,-1833,-18381,-1229,-4125,-3728,-4589,936,-4752,2251,-1393,731,-511,1485,-211,-2081,-1163,-1411,-1873,177,-1152,4505,-3732,325,-2726,1625,-781,1582,300,2490,3656,3446,413,3916,2122,1159,-39,718,-1321,-137,-734,1984,1979,1724,2367,4140,2647,1373,3848,470,2977,1741	-10535168,2825025,-613,-494,571,-888,-970,-4,28,-16721,-1936,15,-270,1066,-1250,138,-2421,-3370,-882,846,-4437,-30,-29,-2096,-1833,307,-138,-1049,-2223,-1603,-100,794,-2072,-818,-1541,140,-4495,-4440,-4302,4441
G	Temósachic	-10855127,2857822,-1049,1336,-272,2107,-1560,1981,-375,8386,893,-393,822,-1695,1305,101,1967,1613,1962,-946,393,-871,1225,313,451,-557,1321,919,835,-284,-142,1137,516,383,-769,928,1032,1336,1322,-1576,9757,-3275,2519,3227,-2718,3892,18674,503,-1482,2303,1943,612,-1993,2147,-2139,-1211,-1705,2306,701,1632,4354,678,46,-2240,1265,1452,2360,-410,-547,1704,-1818,2110,6573,904,1943,2491,-1763,5200,14691,-378,-709,6726,-5333,1014,1388,8677,1104,-221,1181,4814,5973,-2936,13116,523,-235,4230,-5308,24,-35,5351,-7131,-1416,-368,3375,650,89,563,-1552,27,1119,586,222,2326,-775,158,563,1736,-1446,509,1621,2455,-2740,5170,1129,1319,-1527,1623,-185,651,574,2964,-2729,-811,-3021,1059,-880,2127,707,1066,-205,410,-1199,1597,-96,4630,2470,-1027,-4863,1941,-356,-2260,-317,-353,-1642,-1838,-1087,4846,-2652,643,-1550,1117,-184,-619,-1498,462,-2914,-907,-1774,1837,-1555,-3299,-2516,-3389,974,-2584,-569,-782,1519,-952,481,-2729,27,-3085,1070,-1523,-3172,-2753,-685,-1060,-805,-358,-1217,-1361,371,2430,-4369,-2171,762,-1286,-1083,-1705,-58,927,2891,-964,268,-4594,-6198,2225,-415,-586,-757,601,-1246,-564,-376,-24,-3480,-517,-416,3182,-8867,-627,-4222,-439,-16,618,-1084,-1635,-290,1098,-979,-1347,-2253,1376,-1048,-767,-865,1125,-503,-720,-505,368,-2380,-930,-1485,-1868,1346,-4115,247,-179,-1859,-2588,551,1714,-3513,-4205,-5589,-185,-2001,-4608,-1073,-1671,-1435,1568,-1175,-4631,-2050,-3819,-6110	-10847970,2836955,-894,545,-2693,5127,1114,2799,-1629,586,635,2354,927,966,-240,1523,-1579,-166,-750,4914,-2048,2219	-10844842,2834768,4420,409,4019,-2166,-825,2028,1141,-94,378,-1059,1017,1232,3627,216,1798,-929,1504,727,1022,-567,2916,751,991,-796,321,-1837,694,-529,2811,1150,1481,-294,1869,-2863,911,377,1314,-1064,421,1387,870,575,2465,16
G	Urique	-10802781,2760641,1610,999,4067,-2538,350,1552,953,188,301,1730,969,-1724,2143,-1547,1127,-348,864,934,1120,-1252,801,-2,504,1779,1475,-37,760,1623,1972,815,807,-1785,764,-91,653,-2079,3260,-3231,-348,-895,1981,-2260,1920,591,170,-1061,3384,-1080,2481,-2190,3146,-950,-5521,-3174,-859,-5637,-1646,-4299,-9889,-4248,2625,674,4221,-834,923,566,2471,-1805,1655,-189,7915,5294,1371,-7364,-5330,-5515,-3962,3898,-855,-1242,568,-4598,-816,-1498,449,-1502,-438,-2412,-1828,-1545,-2463,1194,-2157,-344,-1124,477,1426,-3757,-841,-4593,-7198,-666,-312,-904,1087,-870,-560,-1156,847,-322,-815,-639,-18,-925,-948,91,-1125,-878,-857,883,-500,-391,-739,417,-436,-835,-1873,-170,-615,-1416,1123,-3023,-1342,-141,-224,-10189,-3226,-1584,-6300,-1603,-5733,6033,-5010,-283,468,2775,-677,1361,-945,-1384,-1586,-282,-305,-1093,-699,1683,-839,-246,-1589,1060,254,-1893,-1100,59,-1582,1765,530,1689,-1001,3627,1662,605,260,1285,1883,345,1557,1301,-1732,4109,-2731,-815,-1527,1479,-908,-78,-3401,-2872,-645,225,193,1207,-553,-110,-900,1096,-1317,-218,-937,-1400,403,-1149,-1147,-438,-1671,1809,-5945,-918,-1169,771	-10802781,2760641,-1165,-297,-1468,-1655,933,-324,-542,-3143,-738,-673,-1116,-5265,-1511,-1262,1403,-1058,-102,-811,-2283,-627,-937,-1017,2304,31,-883,-1764,928,-950,-58,-1528,1214,-704,-506,-326,633,-939,-528,-2598,-4405,-861,-1552,-872,126,-802,-5269,1580,-1798,-3276,432,-632,-5616,-3877,2628,-1153,369,-1631,-851,-1853,-1739,989,927,-3422,-1764,-3866,3921,-6146,-4645,-1625,-2013,-2217,-5559,-2070,-1375,3521,-5329,-3195,-1407,-2210
G	Uruachi	-10891975,2787094,-673,6956,-5192,3825,4349,2377,-2753,2791,3518,4760,3102,-1218,518,-928,3120,-486,1361,514,4796,-2373,2188,-293,-1724,-933,12677,-5608,2943,-399,1787,1153,927,1908,590,392,880,-566,648,743,267,-693,751,-31,1161,1569,1600,626,-172,742,783,-43,83,616,4870,-1011,5511,449,730,2599,1505,-3495,2787,1045,879,-3729,2783,283,1992,-732,3195,1440,2390,2449,10227,786,1244,-336,1083,-1800,686,494,2092,-422,218,-1214,1009,-487,-282,-2991,1332,-1966,-1117,-1714,-808,-3133,2546,-3359,151,-1715,1940,-1944,449,-2387,-465,-1330,1281,-1360,1472,-192,2088,-2840,-2534,303,-12605,-5934,4664,-5861,1020,-2992,-14737,9985,-2342,4620,-3988,652,1021,-1008,-773,-2541,-5223,-2988,1273,2050,-864,1557,-759,-59,-1178,3883,-1253,419,-1407,-426,569,502,-1508,2325,-1473,-910,-2840,89,-2405,-1777,-2955,4513,-7766,-736,-823,-1142,-1438,-385,-768,-2050,-819,765,-981,-496,2356,-1535,588,-1987,-915,-888,149,-829,-3877,-3383,2793,-2658,-1791,113,-601,-1092,-3533,-1080,-2144,734,-1430,-3553,-1486,3651,510,2750,-1259,932,-298,1989,-764,251,629,913,-1805,899,-20,1581,-1415,-745,-635,1314,-1211,-374,-1596,1205,-6251,25,-1924,3098	-10891474,2777572,-560,903,1008,2420,2425,541,1677,2467,-4561,1467,-490,1724
G	Valle de Zaragoza	-10542711,2734695,-115,1173,-1178,279,1389,1154,889,2230,-403,1686,1160,-3,-431,1020,320,1128,690,17,-410,1437,877,190,-287,1688,-722,871,-1516,303,553,268,-55,1704,-395,-1245,-782,-150,-421,1575,1061,530,-701,281,-338,1426,-471,-92,432,995,-2069,215,-740,649,84,1486,-548,157,-39,-1171,-659,660,317,669,-667,-311,-233,625,2725,-232,-2195,2350,1407,908,-2165,3798,-7833,4015,-7822,2068,-6106,2949,-550,1518,-211,-2081,-1214,-1451,-4844,644,-1823,-3883,-645,696,-2372,-1855,-1383,1264,-4772,96,-1233,887,-828,-463,-914,629,-795,2349,-1806,-1010,-118,-1697,2260,-1661,125,-971,-771,102,-429,-937,-2130,2013,-7096,710,-2365,5253,-9283,-3590,1551,-4396,-7440,-1557,-1082,-1807,2792,-3141,2363,260,1645,955,2237,-3088,-296,-1294,-1114,-826,-6989,-635,-1774,-1554,-836,-2957,9091,-5195,-1182,-2731,3677,1219,794,-336,-544,-1774,650,-671,1966,1325,1417,-687,154,-1482,1170,-752,690,-1968,-1686,-1189,-1954,-310,-1399,511,-3274,-1783,-196,-1146,686,-454,-360,-604,803,-1599,-380,-475,1253,-430,2,-1096,750,-638,1166,-100,-43,1101,2024,-290,5092,-3805,1141,911,2786,19,2166,-786,2923,1449,-1682,67,-958,2430,341,5237,-481,967,929,370,3007,-951,255,-1049,1520,-618,1759,-1875,2046,1276,823,-2325,1285,-733,3586,1657,2639,-1792,-837,-1575,1613,-2206,1807,-1083,2159,1524,304,1538,836,419,-96,1356,1332,507,-1319,4331,8993,4595,1994,-2630,-1197,-3088,6794,-2177,745,1286,1680,853,3760,-154,-2653,4788,9170,-1001
F	Bachíniva	-10744801,2879162,190,-45,210,-212,205,-82,52,-148,277,-126,56,-145,168,-24,55,-97,-38,-252,670,-621,140,-47,478,-503,432,-96,78,-183,758,-167,376,188,470,62,438,-263,352,22,143,109,322,-204,87,-303,458,-380,64,-388,343,-88,43,-353,326,-74,166,-175,52,-404,-105,-484,76,-295,-305,-241,-107,-183,235,-53,555,-443,198,-31,137,-131,64,-206,55,-23,56,117,73,-13,374,-633,331,-60,204,-137,359,165,384,-109,246,236,227,5,303,-229,307,-60,180,-153,1403,822,1050,-760,-1384,-3679,1428,-63,84,553,92,-95,88,46,466,-308,255,-317,426,47,349,-170,401,-50,561,-304,246,-248,78,-551,203,-249,219,-85,351,-489,381,-267,-12,-115,-140,-102,-1066,145,32,-344,1243,-131,1037,-1972,3629,916,507,2875,-286,782,1499,672,605,1157,5,496,92,306,175,-35,35,773,-1046,318,2524,2951,174,605,109,50,359,-25,202,-314,185,-146,138,-11,220,118,58,429,414,1269,-355,473,-1280,2130,-884,24,-505,784,499,1452,5669,217,207,751,1410,8,691,1376,-153,660,-385,152,384,763,-387,151,123,243,-186,67,123,248,-50,118,38,70,-94,97,106,94,-55,221,34,207,-96,214,-29,400,-129,121,-29,150,98,254,-50,150,-268,6,-311,247,-321,16,-1097,917,107,83,-278,276,2,208,-252,263,-99,213,32,78,-310,233,64,214,-125,141,-95,-22,-41,127,-572,-45,-450,445,-739,356,-1049,359,-214,4,-71,65,-528,116,-76,727,-195,250,-291,99,-334,254,90,472,-741,82,-44,241,84,228,-67,93,134,287,-141,185,26,380,-83,105,-104,-109,-180,-11,-107,53,9,126,-126,-22,68,237,-95,717,241,544,85,598,-127,285,-100,-63,-166,16,-26,59,116,172,-27,154,-199,202,14,132,-216,27,-188,371,77,13,-18,64,-219,85,-224,439,-151,94,-33,352,-90,53,-2,171,-86,60,-138,-19,-48,90,-145,-15,-58,343,-255,-31,-151,264,-129,77,8,60,-111,38,-18,91,-236,170,-127,240,-465,95,-466,188,-237,-63,-580,113,-444,-35,-209,198,-202,13,-213,190,-351,602,-24,415,-248,377,-200,107,-126,508,35,152,-104,532,-533,198,1164,2396	-10726217,2907113,-6018,951,-1008,-2414,-2402,374,2,-912,-56,-76,321,-336,237,-567,226,-305,32,-160,421,-231,409,-353,203,-401,232,-283,57,-354,-30,-420,-558,138,-336,-3,-115,-321,591,-117,-417,-1859,-1715,334,-330,171,-1122,-38,-342,-119,-1156,154,-328,636,-394,81,-238,-408,-806,-85,-53,-164,-321,28,-53,-134,-595,-7,-99,76,-184,-113,-569,67,-364,-62,-451,-2095,56,-264,-2265,-50,24,-2801,2913,17,813,-3212,-2856,-232,865,-2645,-107,-457,-56,6,-57,167,-539,378,-51,-29,126,-432,270,-401,-3,-392,293,-152,10,-169,192,-147,-14,-215,128,-335,415,-332,-45,-136,50,-56,-11,-250,244,-557,-81,-115,99,-109,-2,-77,-201,-193,27,-114,-48,-50,136,-191,-3,-154,345,-222,377,-530,60,-255,-35,-150,-389,-65,-238,-337,-144,-7,-212,-131,-209,39,-220,-112,0,-80,-160,-79,-49,-96,66,-108,101,-7,733,-897,48,-380,-57,-217,104,-205,-72,-322,-39,-63,-563,-53,-528,41,-211,-232,-82,-288,-203,-169
F	Cusihuiriachi	-10666009,2837669,-188,73,-548,20,-372,86,-823,-21,-178,-82,-3111,-608,-75,-202,25,-219,-811,0,-402,-407,-369,-495,-46,-391,-312,63,-56,-170,-227,339,-299,82,-308,-139,-46,-199,-281,68,-43,-155,-392,-104,-54,-78,29,-73,-147,-70,-136,69,-217,-18,-268,-104,-157,-228,-180,64,-248,-106,-315,-322,-52,-191,-138,-89,-118,255,-196,187,-313,-10,44,112,-37,247,66,98,-255,201,-37,232,-98,-37,-201,-287,-185,-99,-351,413,-592,95,-2893,759,-1899,111,-347,79,-70,-39,-941,163,-2521,-286,-322,-2333,-1574,8,-51,-203,-257,3,5,60,-112,3,12,142,-4339,-7,-3,288,-5669,-363,-533,126,-38,-118,-4297,265,-81,139,45,385,-183,147,-456,165,-415,-53,-497,179,-785,-886,18,-145,-894,-523,-406,-23,-132,-135,200,-611,-1564,-202,-126,832,-1355,-122,-100,478,-914,-670,-60,68,-2219,-1629,-404,118,-355,-174,-98,-210,157,76,184,-72,98,-267,-43,-332,-288,0,-787,1306,-7771,-2901,-221,-2198,1897,-1180,3002,-621,-283,-195,-906,-431,-1575,-1418,-321,-27,252,-384,228,25,766,-1179,74,-964,3025,-2281,-432,-1847,-4241,-393,316,-5178,385,-162,1643,2881,1344,153,-15,-1830,978,-166,149,961,733,-163,252,1815,2500,-465,422,1847,-1953,3143,3234,-115,-289,-1537,2376,-399,-223,-1560,-1863,-493,-394,-3252,914,22,40,-953,4417,1099,-2212,-2950,1183,-702,254,-1167,3627,2077,3464,-1157,225,2291,7270,-1048,2853,-2905,1809,1667,2238,-1893,970,767,939,-556,976,558,-1199,1915,1439,725,6298,-620,2435,-407,297,-787,5022,3125,2104,-2070,2763,-2892,618,-1258,501,-598	-10664002,2803735,15,8288,5168,-4366,4651,4969,729,74,-2969,2593,226,2311,-425,168,-180,-18,-237,108,-130,-21,-3253,1094,46,1059,-4778,-9,-261,2028,1975,326,162,941,-1819,86,3150,3540,976,-287,184,782,-2924,767,-5995,794,-332,-1359,-1049,58,-67,-1026,-583,622,36,418,-353,648,184,926,-495,59,-172,-161,-139,128,-199,-15,-33,-88,-169,-55,-9,-66,-186,-47,-109,38,-96,265,-1303,408,555,1968,1113,119,3329,-10,-311,379,106,121,-41,205,-564,477,-559,768,-247,-180,-147,160,141,185,-270,455,2890,1349,603,-1619,-726,-1317,429,-417,2168,-395,755,3256,369,-64,7,102,-66,379,-114,201,-4,321,-154,523,-256,364,117,358,-251,17,-116,249
F	Guerrero	-10754420,2889025,2817,1323,2281,412,1907,-2968,-4429,-2774,-2125,-4334,1591,-653,-96,-1558,556,-1972,4642,-916,24,51,1850,-341,-140,316,-41,432,-84,151,-145,94,-22,101,81,280,6,397,449,1256,-32,467,-284,374,17,258,66,27,527,-259,393,-72,210,-212,205,-82,52,-148,277,-126,56,-145,168,-24,55,-97,-38,-252,670,-621,140,-47,478,-503,432,-96,78,-183,758,-167,376,188,470,62,438,-263,352,22,143,109,322,-204,87,-303,458,-380,64,-388,343,-88,43,-353,326,-74,166,-175,52,-404,-105,-484,76,-295,-305,-241,-107,-183,235,-53,555,-443,198,-31,137,-131,64,-206,55,-23,56,117,73,-13,374,-633,331,-60,204,-137,359,165,384,-109,246,236,227,5,303,-229,307,-60,180,-153,1403,822,1050,-760,-1384,-3679,1428,-63,84,553,92,-95,88,46,466,-308,255,-317,426,47,349,-170,401,-50,561,-304,246,-248,78,-551,203,-249,219,-85,351,-489,381,-267,-12,-115,-140,-102,-1066,145,32,-344,1243,-131,1037,-1972,3051,779,171,-389,-113,-125,86,-988,138,-621,189,-279,-64,-257,130,-242,-47,-172,123,-130,-173,-217,118,-164,-99,21,-33,-107,-54,-701,47,-674,210,-70,195,108,126,-14,171,-406,694,-201,106,216,338,99,520,385,299,-36,215,216,389,-135,53,-116,-124,-70,-174,-303,190,-77,377,334,54,289,766,-281,251,-247,-64,-381,106,-73,-111,-102,27,-113,97,2,130,-296,-765,-666,-65,-238,66,-83,-346,-348,-8,-273,-237,-281,402,-113,245,92,632,8,162,-239,166,-108,6,-158,491,-177,309,-317,238,139,201,-10,155,100,613,55,248,-53,152,-232,474,-21,33,-275,134,-104,256,8,-39,-132,299,-173,140,-397,720,-356,360,-109,116,-10,62,124,218,-7,-26,-189,168,-249,55,-358,674,-541,23,-201,87,-28,186,-319,289,-176,-57,-144,244,-180,-18,-104,229,-268,-35,-93,130,-99,37,-137,1270,68,-307,-1458,197,-193,-136,-296,-12,-627,135,-334,-8,-184,161,-108,45,-112,37,-384,164,-59,189,-176,-116,-181,107,-106,-49,-182,61,-551,-770,212,528,-3042,466,-292,789,-60,740,-484,465,-161,451,-369,855,-328,236,-22,433,95,325,-507,-201,-321,-242,-60,-167,-298,-278,-223,65,-630,-206,-21,-178,-180,-64,-453,-222,-136,-364,-98,-826,-1093,325,-348,-246,-303,220,-131,-1063,-1199,18,-145,-894,-523,-406,-23,-132,-135,200,-611,-1564,-202,-126,832,-1355,-122,-100,478,-914,-670,-60,68,-2219,-1629,-404,118,-355,-174,-98,-210,157,76,184,-72,98,-267,-43,-332,-288,0,-787,1306,-7771,-2901,-221,-2198,1897,-1180,3002,-621,-283,-195,-906,-431,-1575,-1418,-321,-27,252,-384,228,25,766,-1179,74,-964,3025,-2281,-432,-1847,-4241,-393,316,-5178,385,-162,1643,2881,1344,153,-15,-1830,978,-166,-217,-1640,-652,139,-225,-724,-3785,504,-1302,-6267,-2031,401,39,-195,162,-245,18,-137,-101,-17,83,-540,115,-26,10,-91,243,-17,-163,4,-76,-116,181,-435,-216,-168,-111,-272,-100,-32,-111,-166,-243,-2,-74,-201,-426,-185,-385,232,-231,338,-412,207,-139,-106,-256,-38,-71,108,-491,220,-246,-109,-267,-545,-182,-20,-222,129,-65,254,-262,8,-493,436,-405,-90,16,-184,-163,-293,-151,12,-430,257,-175,-61,-162,-169,-505,-198,-171,278,-293,238,-986,172,-355,-134,-250,-277,179,-66,180,-241,311,-743,251,-128,151,-163,-2,-405,-415,307,-421,179,-413,-78,-181,56,-526,-51,-526,100,-5,91,-214,-65,-259,195,-176,45,-137,-88,-168,57,-643,-90,-250,115,-35,74,-354,131,-451,770,-780,282,-659,368,-136,164,-688,152,-285,161,-66,176,-260,198,-280,10,-153,-101,-204,52,-239,-32,-171,120,-276,48,-382,-78,-673,10,-278,132,-175,250,-456,135,-130,-106,-165,78,-169,-17,-15,-63,116,-138,-149,-91,199,-81,-176,-322,79,-212,-232,99,-9,154,-86,109,-266,21,-394,-403,76,-352,-131,-48,-418,79,-190,-96,-50,-158,-184,-52,-47,-158,66,-67,-113,-36,-59,-188,-101,-35,4,-88,-230,165,-299,24,-140,-108,-468,222,-255,-38,-203,79,-22,-47,-111,179,-237,72,-301,225,-240,-6,-227,257,-329,24,-338,145,-131,-28,4,83,-110,42,-306,-77,-322,-194,-1398,54,507,1632,-127,184,27,224,-123,189,-74,283,-342,339,-435,124,-187,-305,-674,164,-479,-96,-203,117,106,830,-2473,1229,-73,-322,-416,-10,-418,76,-302,141,-1196,91,-1003,274,-263,-74,-67,127,-177,1,-24,58,-451,105,-42,114,-285,215,-137,238,25,146,-196,558,-314,338,-144,20,-86,149,-276,61,-414,-46,-598,66,-157,-66,-633,42,-83,173,-205,183,-473,-284,-119,-479,-261,-55,-225,68,-208,-63,-170,-148,40,-431,-79,-498,92,-365,-1056,-888,-87,40,-268,-138,-629,203,-269,-58,-290,152,-308,33,-159,170,-256,65,-396,-453,-1149,381,-1130,184,-139,135,-263,18,-169,140,-251,7,-149,97,-53,214,-392,249,-335,-252,2,-132,-74,-67,-559,-26,-932,-154,-615,-472,-64,-119,-366,-159,-187,-349,-221,-102,-366,-2828,-3480,279,660,2946,-268,154,-610,67,-464,246,-227,388,-444,315,-221,278,-265,134,-230,6,-466,147,-418,274,-214,278,-390,257,-416,-142,-104,40,-31,82,-214,-71,-419,167,-78,-99,-80,5,-236,203,-893,-1047,-1643,1148,213,351,-271,-22,-50,102,140,53,-5,53,-206,22,-157,-131,55,-46,-21,-303,-136,-96,12,-117,127,-135,-2243,1492,109,57,172,-46,107,128,-126,201,95,-11,142,187,381,-43,-94,290,88,242,-145,158,67,305,-61,191,-64,23,42,59,-131,106,-79,188,-238,78,-172,-86,-375,71,-41,106,84,78,-111,284,-115,95,70,71,-48,106,-78,20,-83,238,-609,-466,-2941,3965,-601,-219,-4162,2940,-9658,7537,1539,2415,-406,99,-242,359,-3,209,224,778,3640,5491,4631,2050,-1568,1175,1671,1435,4608,1073,185,2001,4205,5589,-1714,3513,2588,-551,92,1449,87,410,2297,-436,1458,-138,85,9,-15,126,166,56,124,136,65,-24,-11,-110,51,-30,148,82,132,-56,110,-167,95,28,99,-56,102,-194,125,3,40,-165,149,-162,-24,-249,232,66,-23,-89,137,11,-53,-112,272,-133,222,11,77,60,106,295,146,180,41,259,560,691,-59,120,99,283,-184,235,-103,611,88,314,134,154,-152,356,-197,224,6,83,366,190,196,-51,89,51,69,315,-24,63,-117,-18,-255,124,-255,374,-110,22,-220,-93,-144,31,305,149,-122,261,48,166,290,75,215,133,31,81,-183,285,-199,-53,-127,37,-251,516,-130,113,-486,150,56,184,148,127,-138,109,64,54,304,94,227,-53,72,88,-59,99,70,37,29,186,108,8,-51,135,227,745,140,185,71,231,79,24,-1098,979,1635,290,-618,1084,439,16	-10783837,2865507,2887,1140,3276,2872,-215,-4796,497,125,64,-99,646,-57,164,-129,314,373,-89,93,33,59,135,-68,104,-287,130,-30,-196,-148,597,1,260,124,880,2389,6385,2808,1062,2228,1468,-996,-113,2062,209,124,1373,-623,527,325,-394,295,727,448,6,529,-268,198,2261,1399,753,3639,1698,741,499,3199,194,2973,3543,2607
F	Gómez Farías	-10789583,2948963,15,-343,125,-278,143,-86,-1,-243,440,-604,43,-180,502,-166,44,-179,267,-259,183,-391,316,-405,1041,-855,1328,4,60,543,108,183,296,-366,90,-364,1593,16,299,-3288,367,15,-280,-2717,-5563,596,-15,-121,-368,5,5,-2742,-2079,-9,7,-3663,-1248,-1,14,-1914,271,0,242,-166,3,-670,726,-29,7,-1342,-1684,-36,157,-689,223,-184,268,-65,269,-237,273,-644,-395,-427,216,-181,69,-387,260,-246,426,117,224,-28,200,-397,19,-541,344,-614,59,18,-10,96,-121,285,-21,246,120,474,156,174,430,48,430,-406,199,-60,769,225,390,11,396,-318,142,-227,73,47,-268,478,140,66,213,-28,453,-419,243,24,291,-262,683,-400,87,-389,139,56,126,322,162,86,-4,421,63,236,-225,318,75,145,109,43,315,-213,80,-308,339,-307,360,-533,57,-462,340,-261,256,-40,101,-256,128,-123,522,-243,707,342,55,153,131,103,626,27,663,-362,130,-149,114,10,2277,597,188,253,279,155,353,-43,153,-100,-53,-244,125,-338,805,-468,-127,-195,6,-111,57,-28,192,8,325,155,461,16,156,-113,1,-92,488,-159,549,139,89,129,13,306,2964,-2729,-138,-457,-326,-334,-247,-424,36,-305,108,-263,-106,-159,-26,-187,196,-226,44,-154,-214,-150,-138,-362,25,-139,163,-166,871,-575,311,125,355,25,134,281,164,104,614,146,549,26,854,-357,122,-21,90,173,396,-783,14,-416,1597,-96,4630,2470,2107,9626,511,1957,353,1819,-72,674,1152,4263,-618,132,-2234,230,722,2933,-308,313,476,1988,-2123,-569,-11062,3245,-949,3539,-5018,155,429,-516,-235,-303,-20,-321,-189,53,-92,-145,-421,465,33,235,-41,115,-122,43,-69,630,-171,-266,-92,-20,20,-180,-113,5,-270,-222,290,482,-244,451,-245,-225,-108,-277,-208,84,76,227,194,39,-189,547,43,164,343,64,-29,100,-140,-80,-212,53,22,69,-993,995,-333,796,-99,2,-7,83,71,42,-241,200,-248,389,-180,74,36,241,-461,513,-480,184,-36,369,-154,231,-265,-133,-219,-355,123,-241,-323,-177,-386,218,-43,290,-226,-19,-4,-237,-297,-57,-373,-204,-79,39,-370,-290,-157,-38,-203,-250,-165,-432,-369,-322,-299,-147,-15,-411,-199,-100,-1159,30,-547,395,-274,398,-200,21,-149,109,-180,11,-800,-213,55,-271,-98,-303,23,-168,-320,-90,-163,-157,-330,-36,-294,-244,-12,-82,270,-461,193,-188,11,-109,101,3,189,-273,49,-225
F	Madera	-10873030,2926909,4822,-180,1236,4085,-3399,10158,-360,3051,-1168,2018,120,612,2327,67,437,1682,2446,102,2207,451,1836,1162,-567,330,-1485,338,-340,178,-1282,3489,2350,1376,-2092,2625,1810,432,-514,2170,146,1742,-1001,2148,3680,1114,-2718,3138,-1127,2049,-271,371,6699,152,-30,1079,4466,902,709,-152,236,1203,395,433,-660,4382,-6660,168,-1088,295,-759,340,-326,298,-633,2260,97,252,2020,1205,640,84,117,194,-1434,3181,573,459,92,-220,74,-23,106,305,332,99,261,-70,174,109,-16,210,607,57,-35,223,268,256,72,-64,147,65,-21,157,144,12,242,-95,172,218,361,35,100,91,50,-150,132,67,150,-111,341,-25,56,123,273,92,49,-46,266,25,90,108,67,-91,163,71,208,-152,243,-25,181,-103,283,95,-23,92,244,154,124,-94,167,65,-57,401,-966,2187,5429,8122,14776,-40,-1,-4475,1007,-1,4182,0,0,4499,8723,15,25,-24685,9559,-1,1535,-831,1438,2658,2673,8,3153,297,1667,-227,-153,-7217,140,-295,1416,-963,360,-148,51,-338,187,6,163,-332,24,-192,356,1,17,-229,126,-66,-16,-202,276,-358,410,81,207,-43,201,-161,148,51,143,144,188,-2,117,-71,76,146,232,165,178,9,247,-142,24,67,419,187,258,-40,55,-62,804,65,170,-139,294,-107,1098,502,-800,-1963,-687,-4197,-265,-6347,2280,8,424,-168,451,-333,695,-5649,2416,-460,-10,-327,125,-278,143,-86,-1,-243,440,-604,43,-180,502,-166,44,-179,267,-259,183,-391,316,-405,1041,-855,1328,4,60,543,108,183,296,-366,90,-364,1593,16,299,-3288,367,15,-280,-2717,-5563,596,-15,-121,-368,5,5,-2742,-2079,-9,7,-3663,-1248,-1,14,-1914,271,0,242,-166,3,-670,726,-29,7,-1342,-1684,-36,157,-689,223,-184,268,-65,269,-237,273,-644,-395,-427,216,-181,69,-387,260,-246,333,5,35,-3380,7131,1416,35,-5351,5308,-24,235,-4230,-10055,-319,-3061,-204,-4225,2179,-1748,757,-598,-2783,-583,-2031,-1104,221,-481,-4414,-907,-4263,5333,-1014,709,-6726,-14691,378,1195,-4414,568,-786,-1943,-2491,-4492,-679,-2081,-225,209,-444,1609,-1666,-52,-388,599,-1316,-2360,410,-365,-132,-900,-1320,-409,1159,363,1081,-4354,-678,-701,-1632,1705,-2306,2139,1211,1993,-2147,-1943,-612,401,-1277,808,-679,273,-347,-18674,-503,2718,-3892,-2519,-3227,-82,102,-9675,3173,-1170,1025,-152,551,-822,-722,20,-317,-230,-297,92,-161,-127,-242,44,-54,447,-171,313,-300,-327,-154,-189,-229,249,-241,-112,-461,16,-380,-66,-99,-355,-35,-157,263,-170,112,-157,-65,-81,-200,-85,-55,-456,-3,-185,-212,-260,65,-57,-151,-153,-90,57,-179,-42,-41,-104,42,-130,334,-131,19,-86,162,-53,-145,-252,-7,-121,-181,-108,191,-156,-6,-171,164,-50,-54,38,-102,-82,-56,18,-126,-262,1,-39,30,89,392,-82,0,-58,-124,-99,37,-46,297,-184,247,-136,43,-220,-133,-125,325,-116,-106,-396,-27,-60,113,29,72,86,-17,-51,251,-220,-114,-277,325,-362,66,-49,130,-65,18,-37,-67,-216,-71,-43,-362,95,-49,-11,-78,-140,12,-92,154,-522,-106,-150,-84,-192,-217,-102,-31,10,-171,-304,-90,-131,-355,-132,-98,-356,103,-5,146,-242,50,-326,-107,-57,-127,-216,-48,-103,-118,-822,1695,-893,393,11,2443,-2282,467,-1443,572,-446,902,-481,28,-1322,559,-189,2919,945,-256,1184,858,0,526,-583,602,-2781,-256,-2352,4587,258,842,-858,1202,-1750,725	-10870472,2888352,-211,67,-80,94,190,248,-32,161,-86,21,-159,-94,-123,82,346,309,30,554,109,211,-135,335,-193,66,-78,170,48,59,171,-29,88,89,451,2065,343,380,-42,600,-936,4797,-234,-220,-401,1829,277,228,-1321,6613,1169,118,-206,601,374,38,213,525,-162,451,-1699,-154,-195,1057,319,193,1796,1590,1020,1444,-241,705,-926,1469,-1958,2174,-1583,-973,-73,142,100,650,-59,413,-359,682,-481,1978,1408,75,429,1693,-704,779,138,1468,-962,989,-792,6,-306,368,103,135,343,-66,337,384,377,-237,762,324,152,-147,1030,470,56,578
F	Namiquipa	-10759401,2895140,804,442,239,358,299,168,6,104,118,74,18,102,154,85,344,420,242,55,27,57,202,-43,40,140,123,13,90,181,406,299,-198,123,-103,283,-459,546,-912,343,-145,132,-20,128,56,364,-46,453,138,191,321,40,210,108,52,262,176,356,-110,331,-407,425,-4,120,217,396,178,606,-336,1036,191,445,333,352,95,701,-265,85,-852,99,-193,245,-40,272,48,247,-114,312,-241,402,-103,72,-299,97,-535,336,-350,94,-405,8,-339,233,-80,150,-498,274,-199,-101,-195,51,-326,401,-587,227,-146,195,-511,270,-376,417,104,150,453,31,257,456,1024,450,153,356,312,457,-187,679,75,150,405,22,211,-98,1329,276,315,117,-1941,356,3134,14489,511,1957,353,1819,-72,674,1152,4263,-618,132,-2234,230,722,2933,-308,313,2066,8401,910,-696,659,-208,749,-655,-2,-144,211,-139,104,9,185,137,310,109,419,35,331,245,381,810,234,168,193,316,109,68,965,-94,640,178,77,84,270,17,93,104,235,-35,324,149,128,-49,484,109,786,396,447,310,-3,110,179,33,46,86,135,24,16,71,238,13,-2,62,185,68,95,124,158,-1,78,118,228,85,32,75,1099,353,266,-75,314,232,240,-63,1263,368,1338,108,586,-14,628,-104,473,11,205,81,551,-30,511,96,630,7,73,-98,278,160,188,-134,333,-104,399,-4,217,127,99,-146,137,10,85,100,-336,461,58,40,-55,121,119,228,145,49,146,259,-54,77,55,235,125,73,316,442,19,66,-99,117,35,209,316,152,289,-25,15,84,94,35,-24,121,150,77,43,118,99,-18,10,95,65,-70,61,26,39,217,237,340,10,189,91,-13,124,-137,-21,-80,74,-41,-41,-63,118,-108,110,45,237,-170,41,225,296,367,109,-2,158,135,289,-88,295,66,788,367,856,8,384,-59,281,35,931,-472,596,4,380,-175,345,-53,97,15,214,219,718,17,361,408,133,-42,125,146,2007,767,153,-16,361,-364,331,-42,343,-206,122,90,234,15,175,-150,344,-85,96,63,336,10,126,95,254,17,127,-70,159,46,511,-147,158,-111,760,-185,119,467,567,-462,9972,2031,69,-245,174,-254,372,78,211,-232,-176,-348,653,-137,181,-210,68,-188,-491,-456,-68,-10,-129,146,-210,-74,51,-98,276,-173,66,-166,6,-326,-259,-308,-310,242,-248,-21,-190,-171,92,-492,-43,-262,94,107,33,-91,429,97,490,-138,1243,550,1198,1167,358,-14,438,-336,451,29,141,-83,1283,264,873,-107,1170,70,394,224,2136,-3222,5259,510,195,-845,113,34,145,-53,113,60,134,-51,212,181,189,0,252,114,252,-20,333,167,372,-158,641,-50,382,-209,120,-4,244,-179,214,162,302,-43,39,95,216,-1,52,57,146,-139,186,8,188,-96,390,314,509,146,182,273,271,8,213,529,271,134,104,160,-116,236,32,194,192,63,544,489,257,133,422,84,86,198,405,206,357,40,585,-43,588,-114,127,-75,133,16,352,-212,352,-96,426,110,399,-142,240,106,257,-65,1135,53,354,-141,31,-176,422,-183,271,-42,188,73,349,-107,142,47,137,-246,47,-327,88,-25,16,-337,394,-144,-85,-441,160,-141,12,-125,124,-99,55,-202,80,-32,2,-167,480,462,642,205,248,5,161,841,-221,370,3,266,191,271,169,645,353,395,261,77,38,-231,1006,-247,541,144,373,-308,169,-7,185,-95,746,15,598,207,372,23,604,255,711,162,431,323,415,445,268,101,326,235,446,99,828,648,344,165,10117,-609,92,106,226,-107,1378,-74,2012,183,3108,68,236,54,-144,-361,-2761,-1623,-4735,-870,115,-6846,-2823,-194,57,-349,-52,-138,-107,-209,-275,-143,261,-408,-224,-135,-2,-307,105,-282,-23,-602,-111,-170,68,-239,-33,-273,139,-356,257,-297,-27,-201,109,-511,-151,-404,11,-140,-99,-74,50,-133,-34,-184,-168,-491,-252,-149,-413,-382,-118,-21,-19,-119,-118,-82,94,-282,-7,-229,111,-211,-20,-303,78,-513,136,-186,-831,-534,578,-1935,2451,-90,-1175,-3165,-378,-4858,4696,-484,-921,-6024,-248,-273,-367,-85,-637,-1102,-299,-232,-65,-337,-341,353,-207,59,-252,-20,-140,85,-470,-352,-248,-53,-323,87,-28,222,85,464,-272,277,-98,394,-162,64,-369,-90,-408,60,-231,144,-263,36,9,85,-2578,-31,-19,1715,-904,-8,-400,670,-954,-369,-288,-10,0,48,-732,-5,-2,264,-200,105,-502,-150,-131,120,-332,53,-693,-165,15,482,-57,85,213,364,-37,66,220,72,-12,112,128,-20,195,434,13,226,-52,68,118,284,376,263,-1633,-13,-18,1180,-2356,-27,0,802,-11793,-532,-1,-653,210,-108,0,-113,-210,-51,-1,-103,1114,1,-1,270,3570,87,1486,-4892,-4085,24,0,-209,-1673,10,129,-950,206,-5450,1071,-715,-6928,-5711,-4434,3807,-3838,-1171,-353,528,-699,714,-569,1,-247,137,-179,-48,-126,138,-228,-40,-22,194	-10754420,2889025,-934,156,-4,809,-1686,-24,-171,1634,-864,-505,-595,662,-255,536,-502,436,507,227,253,-35,-6,123,204,6,202,174,12,90,200,66,7,89,50,-27,146,136,110,-46,238,123,10,87,74,3,21,66,-100,158,118,279,-780,190,-1236,702	-10754420,2889025,2817,1323,2281,412,1907,-2968,-4429,-2774,-2125,-4334,1591,-653,-96,-1558,556,-1972,4642,-916,24,51,1850,-341,-140,316,-41,432,-84,151,-145,94,-22,101,81,280,6,397,455,1318,-38,405,-284,374,17,258,66,27,320,-180,410,-106,203,169,82,288,211,232,468,-43,623,55,111,385,-104,205,57,217,-18,310,-104,216,-261,233,-398,518,-101,7,-66,108,49,96,160,79,0,80,220,112,209,-39,212,131,144,7,238,337,389,65,35,150,-60,255,-377,530,-345,222,3,154,-136,191,48,50,-27,114,201,193,2,77,-99,109,81,115,-244,557,11,250,-50,56,45,136,-415,332,-128,335,14,215,-192,147,-10,169,-293,152,3,392,-270,401,-126,432,51,29,539,-378,57,-167,56,-6,107,457,-865,2645,2856,232,-813,3212,-2913,-17,-24,2801,2265,50,-56,264,451,2095,364,62,569,-67,184,113,99,-76,595,7,53,134,321,-28,53,164,806,85,238,408,394,-81,328,-636,1156,-154,342,119,1122,38,330,-171,1715,-334,417,1859,-591,117,115,321,336,3,558,-138,30,420,-57,354,-232,283,-203,401,-409,353,-421,231,-32,160,-226,305,-237,567,-321,336,56,76,-2,912,2402,-374,1008,2414,2632,-381,3789,-671,3430,4932,5191,-484,1001,105,111,-728,4550,204,272,1030,388,926,144,183,168,481,-400,755,-627,316,157,470,4022,1733,313,2870,1313,-102,-71,-4589	-10698470,2912776,-237,66,-253,-30,-6,-178,-123,-269,-531,-377,-305,57
F	Temósachic	-10855127,2857822,-464,950,-585,386,-272,2107,-1560,1981,65,2593,-463,813,23,4980,893,-393,822,-1695,103,118,216,48,57,127,326,107,242,-50,5,-146,356,-103,132,98,131,355,304,90,-10,171,102,31,192,217,150,84,522,106,92,-154,140,-12,11,78,-95,49,43,362,216,71,37,67,65,-18,49,-130,362,-66,277,-325,220,114,51,-251,-86,17,-29,-72,60,-113,396,27,116,106,125,-325,220,133,136,-43,184,-247,46,-297,99,-37,58,124,82,0,-76,-414,288,-9,-18,126,82,56,-38,102,50,54,171,-164,156,6,108,-191,121,181,252,7,53,145,86,-162,131,-19,130,-334,104,-42,42,41,-57,179,153,90,57,151,260,-65,185,212,518,28,163,283,193,-23,232,-340,410,79,-5,435,112,461,-249,241,189,229,327,154,-313,300,-447,171,-44,54,127,242,-92,161,230,297,-20,317,822,722,152,-551,1170,-1025,9675,-3173,82,-102,2519,3227,-2718,3892,18674,503,-273,347,-808,679,-401,1277,1943,612,-1993,2147,-2139,-1211,-1705,2306,701,1632,4354,678,-363,-1081,409,-1159,900,1320,365,132,2360,-410,-599,1316,52,388,-1609,1666,-209,444,2081,225,4492,679,1943,2491,-568,786,-1195,4414,14691,-378,-709,6726,-5333,1014,907,4263,481,4414,1104,-221,583,2031,598,2783,1748,-757,4225,-2179,3061,204,10055,319,-235,4230,-5308,24,-35,5351,-7131,-1416,-35,3380,-333,-5,426,117,224,-28,200,-397,19,-541,344,-614,59,18,-10,96,-121,285,-21,246,120,474,156,174,430,48,430,-406,199,-60,769,225,390,11,396,-318,142,-227,73,47,-268,478,140,66,213,-28,453,-419,243,24,291,-262,683,-400,66,-389,160,56,126,322,162,86,-4,421,63,236,-225,318,75,145,152,37,272,-207,80,-308,339,-307,360,-533,57,-462,340,-261,256,-40,101,-256,128,-123,522,-243,707,342,55,153,131,103,626,27,663,-362,130,-149,114,10,2277,597,188,253,279,155,353,-43,153,-100,-53,-244,125,-338,805,-468,-127,-195,6,-111,57,-28,192,8,325,155,461,16,156,-113,1,-92,488,-159,549,139,89,129,13,306,2964,-2729,-138,-457,-326,-334,-247,-424,36,-305,108,-263,-106,-159,-26,-187,196,-226,44,-154,-214,-150,-138,-362,25,-139,163,-166,871,-575,311,125,355,25,134,281,164,104,614,146,549,26,854,-357,122,-21,90,173,396,-783,14,-416,1597,-96,4630,2470,-1027,-4863,1941,-356,-315,-117,-1329,-276,-211,98,-405,-22,-75,-150,187,-679,-312,-457,-153,-356,-1024,-450,-257,-456,-453,-31,-104,-150,376,-417,511,-270,146,-195,587,-227,326,-401,195,-51,199,101,498,-274,80,-150,339,-233,405,-8,350,-94,535,-336,299,-97,103,-72,241,-402,114,-312,-48,-247,40,-272,193,-245,852,-99,265,-85,-95,-701,-333,-352,-191,-445,336,-1036,-178,-606,-217,-396,4,-120,407,-425,110,-331,-176,-356,-52,-262,-210,-108,-321,-40,-138,-191,46,-453,-56,-364,20,-128,145,-132,912,-343,459,-546,103,-283,198,-123,-406,-299,-90,-181,-123,-13,-40,-140,-202,43,-27,-57,-242,-55,-344,-420,-154,-85,-18,-102,-118,-74,-6,-104,-299,-168,-239,-358,-208,-154,-783,-349,-600,147,-356,21,-213,203,-496,42,-541,250,-1183,311,-455,-183,-363,171,-142,3,-358,-233,-46,-187,-131,-97,-167,5,-86,-66,-836,18,-90,170,14,339,-61,198,-515,491,-130,321,-158,140,-340,52,-454,289,-966,121,-208,-21,-190,-108,-218,89,-626,-75,-389,66,-132,-45,-138,135,-547,44,-454,250,-85,112,-161,-115,-329,27,-304,178,-70,210,-254,36,-267,152,-476,41,-205,-97,-305,-1326,-583,-922,-71,-337,-359,-490,-849,151,-76,-442,-522,67,-35,-161,-522,20,-15,-171,-533,-184,-201,35,-168,-136,187,-39,-178,-144,-258,20,-166,-80,-65,-111,-209,-72,-83,-178,-120,-65,-358,-1217,-333,53,-171,-118,-120,102,47,54,-308,49,-29,71,-196,-50,-121,42,-130,168,668,-1305,939,-1115,823,-1949,-224,-135,-493,296,-350,98,-92,173,-261,212,-751,118,-109,-73,-61,-149,-296,36,-677,-409,-90,-128,-53,-360,-1705,-58,424,1457,503,1434,-964,268,-4594,-6198,2225,-415,-431,-650,-155,-107,274,-103,6,-295,182,-317,139,-531,-564,-376,136,-1791,-113,-155,-19,-274,-196,-438,14,-133,-109,-332,12,-111,231,-142,20,-104,-47,-97,-234,-16,-93,-144,14,-135,-157,-24,1518,-3668,518,-2072,120,-26,1026,-3101,-114,-767,173,-144,-201,-46,-261,-1756,-320,-318,96,-1191,-439,-16,618,-1084,-1635,-290,1098,-979,-79,-24,-71,-231,-140,-185,-227,-745,51,-135,-108,-8,-29,-186,-70,-37,59,-99,-72,-88,-227,53,-304,-94,-64,-54,138,-109,-148,-127,-56,-184,486,-150,130,-113,251,-516,127,-37,199,53,183,-285,-31,-81,-215,-133,-290,-75,-48,-166,122,-261,-305,-149,144,-31,220,93,110,-22,255,-374,255,-124,117,18,24,-63,-69,-315,-89,-51,-196,51,-366,-190,-6,-83,197,-224,152,-356,-134,-154,-88,-314,103,-611,184,-235,-99,-283,59,-120,-560,-691,-41,-259,-329,-535,-371,35,-127,94,57,105,-137,-11,23,89,-253,-52,45,235,-149,162,-40,165,-125,-3,-102,194,-99,56,-95,-28,-110,167,-132,56,-148,-82,-51,30,11,110,-65,24,-124,-136,-166,-56,15,-126,-85,-9,-1458,138,-2297,436,-87,-410,-92,-1449,-2588,551,1714,-3513,-4205,-5589,-185,-2001,-4608,-1073,-1671,-1435,1568,-1175,-4631,-2050,-3640,-5491,-179,-619	-10847970,2836955,-894,545,-2693,5127,240,1468,464,832,410,499,-1313,128,-316,458,755,1418,-120,936,326,392,189,0,412,574,-274,754,34,769,-1579,-166,-842,3243,92,1671,-2048,2219	-10844842,2834768,4420,409,4019,-2166,57,242,-25,184,-109,141,127,119,-170,160,-181,426,-388,173,-237,298,101,285,311,24,830,-118,-4,-267,265,-503,-46,-175,163,-114,223,302,272,211,-36,154,248,345,310,220,327,-2,138,-90,262,146,347,64,143,-65,78,-192,303,-148,107,19,368,382,211,60,185,9,512,-153,293,37,353,149,158,-145,149,-269,410,-222,14,-60,134,-48,250,43,683,-228,187,183,51,-75,197,49,70,113,-20,142,114,91,238,-77,200,64,111,-147,112,-25,91,284,153,125,334,-35,85,-236,179,-43,19,-235,90,26,61,-51,118,75,136,-68,192,138,161,-86,172,37,22,89,90,25,104,144,481,187,110,-58,77,64,56,-51,135,55,305,-24,658,84,118,112,235,35,301,-215,316,-50,176,-340,198,-191,-63,-493,154,-256,1,-95,-97,-17,106,-39,-51,-295,273,-454,-2,-188,177,-156,122,126,395,-499,667,13,214,283,124,9,100,171,190,54,12,233,165,107,243,-17,291,72,125,-55,379,109,147,136,154,35,258,22,52,-68,286,-83,292,-6,260,-307,333,148,119,-219,165,-45,153,92,63,-191,106,-29,198,-215,129,-327,-208,-293,23,-259,183,-59,90,-242,262,-171,586,-905,137,-17,338,205,349,69,87,120,-113,-212,191,-79,326,22,248,-75,314,-280,96,-215,110,-21,142,-204,98,161,-6,331,63,160,-96,29,140,53,74,115,148,538,76,81,571,161,223,333,216,43,2249,-27
